PROD,"('2012-08-30', 'AVGPRICE')","('2012-10-10', 'AVGPRICE')","('2012-11-01', 'AVGPRICE')","('2012-11-30', 'AVGPRICE')","('2013-01-01', 'AVGPRICE')","('2013-02-01', 'AVGPRICE')","('2013-03-01', 'AVGPRICE')","('2013-04-01', 'AVGPRICE')","('2013-05-01', 'AVGPRICE')","('2013-06-01', 'AVGPRICE')","('2013-07-01', 'AVGPRICE')","('2013-08-01', 'AVGPRICE')"
P0013,18.0,10.5,18.0,18.0,10.5,18.0,18.0,18.0,18.0,10.5,18.0,18.0
P0096,4.5,4.5,4.5,4.5,6.0,6.0,6.0,6.0,6.0,4.5,6.0,6.0
P0109,4.0,4.0,4.0,,,,,,,4.0,,
P0241,17.0,,17.0,17.0,,,,,,,,
P0402,6.0,6.0,6.0,6.0,6.0,6.0,6.0,6.0,6.0,6.0,6.0,6.0
P0411,16.0,16.0,16.0,16.0,16.0,16.0,16.0,16.0,,16.0,16.0,
P0414,16.0,16.0,,16.0,16.0,16.5,17.0,17.0,16.5,16.5,16.5,16.5
P0417,9.5,9.5,16.0,16.0,9.5,16.0,16.0,16.0,16.0,16.0,16.0,16.0
P0420,5.0,5.0,5.0,5.0,5.0,,,,,,,
P102921,18.0,18.0,,,18.0,,,,,18.0,,
P102922,18.0,,,,18.0,,,18.0,,18.0,,
P104340,10.0,10.0,12.0,12.0,12.0,12.0,12.0,12.0,12.0,12.0,12.0,12.0
P107319,,,,,,,,,,,,16.0
P107406,16.0,16.0,16.0,16.0,16.0,16.0,16.0,18.0,18.0,18.0,18.0,18.0
P110010,15.0,15.0,15.0,15.0,15.0,15.0,15.0,15.0,15.0,15.0,15.0,15.0
P110012,12.0,12.0,12.0,12.0,12.0,12.0,12.0,12.0,12.0,12.0,12.0,12.0
P111902,19.0,19.0,19.0,19.0,19.0,19.0,19.0,19.0,19.0,19.0,19.0,19.0
P114407,18.0,18.0,18.0,18.0,18.0,18.0,18.0,18.0,18.0,18.0,18.0,18.0
P114417,16.0,16.0,16.0,16.0,16.0,16.0,16.0,16.0,16.0,16.0,16.0,16.0
P114418,16.0,16.0,16.0,16.0,16.0,16.0,16.0,16.0,16.0,16.0,16.0,16.0
P115219,5.0,5.0,5.0,5.0,,,,,,,,
P119827,17.0,17.0,17.0,17.0,17.0,17.0,17.0,17.0,17.0,17.0,17.0,
P12045,18.0,18.0,18.0,18.0,18.0,18.0,18.0,18.0,18.0,18.0,18.0,18.0
P12207,,,,,8.0,,,,,8.0,,
P122626,15.0,15.0,15.0,15.0,15.0,15.0,15.0,15.0,15.0,15.0,15.0,15.0
P122644,,,,,,,,,15.0,15.0,15.0,15.0
P122646,13.5,13.5,13.5,13.5,13.5,13.5,13.5,13.5,13.5,13.5,13.5,13.5
P122651,17.75,17.75,17.75,17.75,17.75,17.75,17.75,17.75,17.75,17.75,17.75,17.75
P122659,15.0,15.0,15.0,15.0,15.0,15.0,15.0,15.0,15.0,15.0,15.0,15.0
P122661,19.5,19.5,19.5,19.5,19.5,19.5,19.5,19.5,19.5,19.5,19.5,19.5
P122663,13.0,13.0,13.0,13.0,13.0,13.0,13.0,13.0,13.0,13.0,13.0,13.0
P122670,16.0,16.0,16.0,16.0,16.0,16.0,16.0,16.0,16.0,16.0,16.0,16.0
P122675,18.0,18.0,18.0,18.0,18.0,18.0,18.0,18.0,18.0,18.0,18.0,18.0
P122682,16.0,16.0,16.0,16.0,16.0,16.0,16.0,16.0,16.0,16.0,16.0,16.0
P122684,16.5,16.5,16.5,16.5,16.5,16.5,16.5,16.5,16.5,16.5,16.5,16.5
P122685,15.0,15.0,15.0,15.0,15.0,15.0,15.0,15.0,15.0,15.0,15.0,15.0
P122690,15.0,15.0,15.0,15.0,15.0,15.0,15.0,15.0,15.0,15.0,15.0,15.0
P122692,2.0,2.0,2.0,2.0,2.0,2.0,2.0,2.0,2.0,2.0,2.0,2.0
P122694,16.5,16.5,16.5,,,,,,16.5,16.5,16.5,16.5
P122707,11.0,11.0,11.0,11.0,11.0,11.0,11.0,11.0,11.0,11.0,11.0,11.0
P122710,13.5,13.5,13.5,13.5,13.5,13.5,13.5,13.5,13.5,13.5,13.5,13.5
P122718,19.5,19.5,19.5,19.5,19.5,19.5,19.5,19.5,19.5,19.5,19.5,19.5
P122722,15.0,15.0,15.0,15.0,15.0,15.0,15.0,15.0,15.0,15.0,15.0,15.0
P122732,19.5,19.5,19.5,19.5,19.5,19.5,19.5,19.5,19.5,19.5,19.5,19.5
P122733,15.0,15.0,15.0,15.0,15.0,15.0,15.0,15.0,15.0,15.0,15.0,15.0
P122735,18.0,18.0,18.0,18.0,18.0,18.0,18.0,18.0,18.0,18.0,18.0,18.0
P122739,13.5,13.5,13.5,13.5,13.5,13.5,13.5,13.5,13.5,13.5,13.5,13.5
P122751,15.0,15.0,15.0,15.0,15.0,15.0,15.0,15.0,15.0,15.0,15.0,15.0
P122761,13.0,13.0,13.0,13.0,13.0,13.0,13.0,13.0,13.0,13.0,13.0,13.0
P122762,19.5,19.5,19.5,19.5,19.5,19.5,19.5,19.5,19.5,19.5,19.5,19.5
P122763,18.0,18.0,18.0,18.0,18.0,18.0,18.0,18.0,18.0,18.0,18.0,18.0
P122764,15.0,15.0,15.0,15.0,15.0,15.0,15.0,15.0,15.0,15.0,15.0,15.0
P122765,15.0,15.0,15.0,15.0,15.0,15.0,15.0,15.0,15.0,15.0,15.0,15.0
P122770,19.5,19.5,19.5,19.5,19.5,19.5,19.5,19.5,19.5,19.5,19.5,19.5
P122772,19.0,19.0,19.0,19.0,19.0,19.0,19.0,19.0,19.0,19.0,19.0,19.0
P122811,16.5,16.5,16.5,16.5,16.5,16.5,16.5,16.5,16.5,16.5,16.5,16.5
P122812,16.5,16.5,16.5,16.5,16.5,16.5,16.5,16.5,16.5,16.5,16.5,16.5
P122818,19.5,,,,,,,,,,19.5,
P12282,,,,,6.0,,,,,,,
P122834,16.0,16.0,16.0,16.0,16.0,16.0,16.0,16.0,16.0,16.0,16.0,16.0
P122838,19.5,19.5,19.5,19.5,19.5,19.5,19.5,19.5,19.5,19.5,19.5,
P122849,15.0,15.0,15.0,15.0,15.0,15.0,15.0,15.0,15.0,15.0,15.0,
P122866,16.0,16.0,16.0,16.0,16.0,15.0,15.0,15.0,15.0,15.0,15.0,15.0
P122868,15.0,15.0,15.0,15.0,15.0,15.0,15.0,15.0,15.0,15.0,15.0,15.0
P12287,4.5,4.5,4.5,4.5,4.5,4.5,,4.5,,4.5,,
P122876,17.75,17.75,17.75,17.75,17.75,17.75,17.75,17.75,17.75,17.75,17.75,17.75
P122881,,,,,,,17.75,17.75,17.75,,17.75,17.75
P122882,,,,,,,,17.75,17.75,,17.75,17.75
P122886,,,,,,,,,,,,19.5
P122889,15.0,15.0,15.0,15.0,15.0,15.0,15.0,15.0,15.0,15.0,15.0,
P122891,15.0,15.0,15.0,15.0,15.0,15.0,15.0,,,,,
P122900,,,,,,,,,19.5,19.5,19.5,
P122912,16.0,16.0,16.0,16.0,16.0,16.0,16.0,16.0,16.0,16.0,16.0,16.0
P122914,19.5,19.5,19.5,19.5,19.5,19.5,19.5,19.5,19.5,19.5,19.5,19.5
P12340,14.0,14.0,14.0,14.0,14.0,14.0,14.0,14.0,14.0,14.0,14.0,14.0
P12343,14.0,14.0,14.0,,14.0,14.0,,,,14.0,,
P124914,,,,19.0,19.0,19.0,19.0,19.0,19.0,19.0,19.0,19.0
P12573,7.5,7.5,7.5,7.5,7.5,7.5,7.5,7.5,7.5,7.5,7.5,7.5
P12577,19.0,19.0,19.0,19.0,19.0,,,,,,,
P126001,18.0,18.0,18.0,18.0,18.0,19.0,19.0,19.0,19.0,19.0,19.0,19.0
P126302,15.0,15.0,15.0,15.0,15.0,15.0,15.0,15.0,15.0,15.0,15.0,15.0
P12636,14.0,14.0,14.0,14.0,14.0,14.0,14.0,14.0,14.0,15.0,15.0,15.0
P12643,19.0,19.0,19.0,19.0,19.0,19.0,19.0,19.0,19.0,19.0,19.0,19.0
P12644,17.0,17.0,17.0,17.0,17.0,17.0,17.0,17.0,,,,
P12899,16.0,16.0,16.0,16.0,,16.5,16.5,16.5,16.5,16.5,16.5,16.5
P131518,15.0,15.0,15.0,15.0,15.0,15.0,15.0,15.0,15.0,15.0,15.0,15.0
P133707,19.0,19.0,19.0,19.0,19.0,19.0,19.0,19.0,19.0,19.0,19.0,19.0
P134001,3.0,3.0,3.0,,,,,,,,,
P136215,10.0,,,,,,,,,,,
P136216,15.0,15.0,15.0,15.0,15.0,15.0,15.0,15.0,15.0,15.0,15.0,15.0
P136308,13.0,13.0,13.0,13.0,13.0,13.0,13.0,13.0,13.0,13.0,13.0,13.0
P136315,14.0,14.0,14.0,14.0,14.0,14.0,14.0,14.0,14.0,14.0,14.0,14.0
P136316,17.0,17.0,17.0,17.0,17.0,17.0,17.0,17.0,17.0,17.0,17.0,17.0
P136318,17.0,17.0,17.0,17.0,17.0,17.0,17.0,17.0,17.0,17.0,17.0,17.0
P136321,15.5,15.5,15.5,15.5,15.5,15.75,15.75,15.75,17.25,17.25,,
P136329,,,,,15.0,,,,15.0,,15.0,
P136701,17.0,17.0,17.0,17.0,17.0,17.25,17.25,17.25,17.25,17.25,,
P137115,,,,,,,,,,8.0,,
P137906,13.0,13.0,13.0,13.0,13.0,13.0,13.0,13.0,13.0,13.0,13.0,13.0
P137914,14.0,14.0,14.0,14.0,14.0,14.0,14.0,14.0,14.0,14.0,14.0,14.0
P137915,14.0,14.0,14.0,14.0,14.0,14.0,14.0,14.0,14.0,14.0,14.0,14.0
P139000,16.5,16.5,16.5,16.5,16.5,16.5,16.5,16.5,16.5,16.5,16.5,16.5
P139400,18.0,18.0,18.0,18.0,18.0,18.0,18.0,18.0,18.0,18.0,18.0,18.0
P139803,16.5,16.5,16.5,16.5,16.5,16.5,16.5,16.5,16.5,16.5,16.5,16.5
P141908,18.0,18.0,18.0,18.0,18.0,18.0,18.0,18.0,18.0,18.0,18.0,18.0
P141909,18.0,18.0,18.0,18.0,18.0,18.0,18.0,18.0,18.0,18.0,18.0,18.0
P146210,10.0,10.0,10.0,10.0,10.0,10.0,10.0,10.0,10.0,10.0,10.0,
P148007,16.0,,,,,,,16.0,,16.0,,
P148020,17.0,17.0,,,,,,,,,,
P148021,13.0,13.0,13.0,,,,,,,,,
P150719,,,,,3.0,,,,,,,
P150742,17.5,17.5,17.5,17.5,17.5,17.5,17.5,17.5,17.5,17.5,,
P150751,17.0,17.0,17.0,17.0,17.0,17.0,17.0,17.0,17.0,17.0,17.0,17.0
P152203,15.0,15.0,15.0,15.0,15.0,15.0,15.0,15.0,15.0,15.0,15.0,15.0
P153000,,16.0,16.0,,,,,,,,,
P154619,12.0,12.0,12.0,12.0,12.0,12.0,12.0,12.0,12.0,12.0,12.0,12.0
P156213,,19.0,19.0,19.0,19.0,,,,,,,
P156402,16.0,16.0,16.0,16.0,16.0,16.0,16.0,16.0,16.0,16.0,16.0,16.0
P157200,16.0,16.0,16.0,16.0,16.0,16.0,16.0,16.0,16.0,16.0,16.0,16.0
P157910,19.5,19.5,19.5,,,,,,,,,
P158509,19.0,19.0,19.0,19.0,19.0,19.0,19.0,19.0,19.0,19.0,19.0,19.0
P160512,,,,,,,,,16.0,16.0,16.0,16.0
P163911,7.0,,,,,,,,,,,
P164932,,7.0,7.0,7.0,7.0,7.0,7.0,7.0,7.0,7.0,7.0,7.0
P167712,4.5,4.5,8.0,8.0,10.0,10.0,10.0,10.0,10.0,5.5,10.0,6.5
P169113,8.0,8.0,8.0,8.0,8.0,,,,,,,
P169813,19.0,19.0,19.0,19.0,19.0,19.0,19.0,19.0,19.0,,,
P170102,12.0,12.0,,,12.0,12.0,,,,12.0,,
P170103,8.0,8.0,8.0,,8.0,8.0,,,,8.0,,
P171101,17.0,17.0,17.0,17.0,17.0,17.0,17.0,17.0,17.0,17.0,17.0,17.0
P173640,18.0,18.0,18.0,18.0,18.0,18.5,18.5,18.5,18.5,18.5,18.5,18.5
P173647,18.0,18.0,18.0,18.0,18.0,18.5,18.5,18.5,18.5,18.5,18.5,18.5
P173681,17.5,17.5,17.5,17.5,17.5,17.5,17.5,17.5,17.5,17.5,17.5,17.5
P173690,,,18.75,18.75,18.75,18.75,18.75,18.75,18.75,18.75,18.75,18.75
P173697,18.0,18.0,18.0,18.0,18.0,18.0,18.0,18.0,18.0,18.0,18.0,18.0
P173726,9.5,9.5,9.5,9.5,9.5,9.5,9.5,9.5,9.5,9.5,9.5,9.5
P174213,18.5,18.5,14.5,19.0,19.0,19.0,19.0,19.0,19.0,19.0,19.0,19.0
P175101,16.0,16.0,16.0,16.0,16.0,16.0,16.0,16.0,16.0,16.0,16.0,16.0
P175201,19.0,19.0,19.0,19.0,19.0,19.0,19.0,19.0,19.0,19.0,19.0,19.0
P178007,8.0,8.0,8.0,8.0,8.0,8.0,8.0,8.0,8.0,,8.0,8.0
P178408,18.5,18.5,18.5,18.5,18.5,18.5,18.5,18.5,18.5,18.5,18.5,18.5
P178410,15.0,15.0,15.0,15.0,15.0,15.0,15.0,15.0,15.0,15.0,15.0,15.0
P179924,19.0,19.0,19.0,19.0,19.0,19.0,19.0,19.0,19.0,19.0,19.0,19.0
P179926,19.0,19.0,19.0,,,,,,,,,
P179927,12.0,12.0,12.0,12.0,12.0,,,,,,,
P181805,18.0,18.0,18.0,18.0,18.0,18.0,,,,,,
P181807,19.0,19.0,19.0,19.0,19.0,19.0,,,,,,
P182406,,18.0,18.0,18.0,18.0,19.0,19.0,19.0,19.0,19.0,19.0,19.0
P183727,,,15.0,,,,,,,15.0,,
P183728,18.0,18.0,,,,,,18.0,,18.0,,
P183733,17.75,17.75,17.75,17.75,,,,,,,,
P183919,18.0,18.0,18.0,18.0,18.0,18.0,18.0,18.0,18.5,18.5,18.5,19.0
P184619,15.0,15.0,15.0,,,,,,,,,
P187409,12.0,12.0,12.0,,12.0,,,,12.0,12.0,,
P188206,10.0,10.0,10.0,10.0,10.0,10.0,10.0,10.0,10.0,10.0,10.0,
P188207,15.0,15.0,15.0,15.0,15.0,15.0,15.0,15.0,15.0,15.0,15.0,
P188208,17.0,17.0,17.0,17.0,17.0,17.0,17.0,17.0,17.0,17.0,17.0,
P188209,13.0,13.0,13.0,13.0,13.0,13.0,13.0,13.0,13.0,13.0,13.0,
P188210,14.0,14.0,14.0,14.0,14.0,14.0,14.0,14.0,14.0,14.0,14.0,
P188211,,,,13.0,,,,,,,,
P188212,,,,,,,,,,16.0,,
P188213,,,,,15.0,,,,,15.0,,
P188214,13.0,13.0,13.0,13.0,13.0,13.0,13.0,13.0,13.0,13.0,13.0,
P188216,15.0,15.0,15.0,15.0,15.0,15.0,15.0,15.0,15.0,15.0,15.0,
P188227,19.0,19.0,19.0,19.0,19.0,19.0,19.0,19.0,19.0,19.0,19.0,
P188306,19.5,19.5,19.5,19.5,19.5,19.5,19.5,19.5,19.5,19.5,19.5,19.5
P188307,15.0,15.0,15.0,15.0,15.0,15.0,15.0,15.0,15.0,15.0,15.0,15.0
P188309,19.5,19.5,19.5,19.5,19.5,19.5,19.5,19.5,19.5,19.5,19.5,19.5
P188310,17.0,17.0,17.0,17.0,17.0,17.0,17.0,,,,,
P188311,17.0,17.0,17.0,17.0,17.0,17.0,17.0,17.0,17.0,17.0,17.0,17.0
P188312,16.0,16.0,16.0,16.0,16.0,16.0,16.0,16.0,16.0,16.0,16.0,16.0
P188502,15.0,15.0,15.0,15.0,15.0,,,,,,,
P188503,12.0,12.0,12.0,12.0,12.0,12.0,12.0,12.0,12.0,12.0,12.0,12.0
P189141,11.0,11.0,11.0,11.0,11.0,11.0,11.0,11.0,11.0,11.0,11.0,
P189143,17.0,17.0,17.0,17.0,17.0,17.0,17.0,17.0,17.0,17.0,17.0,
P189144,13.0,13.0,13.0,13.0,13.0,13.0,13.0,13.0,13.0,13.0,13.0,
P189210,18.0,18.0,18.0,18.0,18.0,18.0,18.0,18.0,18.0,,,
P189304,18.5,18.5,18.5,18.5,18.5,18.5,18.5,18.5,18.5,18.5,18.5,18.5
P189500,,15.0,15.0,15.0,15.0,15.0,15.0,15.0,15.0,15.0,15.0,15.0
P189512,15.0,15.0,15.0,15.0,15.0,15.0,15.0,15.0,15.0,15.0,15.0,15.0
P190024,8.0,8.0,8.0,8.0,8.0,8.0,8.0,8.0,8.0,,,8.0
P190027,15.0,15.0,15.0,15.0,15.0,15.0,15.0,15.0,15.0,15.0,15.0,
P190037,18.0,18.0,18.0,18.0,18.0,18.0,18.0,18.0,18.0,18.0,18.0,18.0
P190041,15.0,15.0,15.0,15.0,15.0,15.0,15.0,15.0,15.0,15.0,15.0,15.0
P191003,10.0,10.0,10.0,10.0,10.0,10.0,10.0,10.0,10.0,10.0,10.0,
P191310,14.0,,,,,,,,,,,
P193614,15.0,15.0,15.0,15.0,15.0,15.0,15.0,15.0,15.0,15.0,15.0,15.0
P193701,15.0,15.0,15.0,15.0,15.0,15.0,15.0,15.0,15.0,15.0,15.0,15.0
P193705,15.0,15.0,15.0,15.0,15.0,15.0,15.0,15.0,15.0,15.0,15.0,15.0
P193706,15.0,15.0,15.0,15.0,15.0,15.0,15.0,15.0,15.0,15.0,15.0,15.0
P193709,15.0,15.0,15.0,15.0,15.0,15.0,15.0,15.0,15.0,15.0,15.0,15.0
P193710,15.0,15.0,15.0,15.0,15.0,15.0,15.0,15.0,15.0,15.0,15.0,15.0
P193725,17.0,17.0,17.0,17.0,17.0,17.0,17.0,17.0,17.0,17.0,17.0,17.0
P194400,15.0,15.0,15.0,15.0,15.0,15.0,15.0,15.0,15.0,15.0,15.0,15.0
P195300,10.0,10.0,10.0,10.0,10.0,10.0,10.0,10.0,10.0,10.0,10.0,
P195709,6.0,6.0,6.0,6.0,6.0,6.0,6.0,6.0,6.0,6.0,6.0,
P196524,14.5,14.5,14.5,14.5,14.5,14.5,14.5,14.5,14.5,14.5,14.5,14.5
P197110,18.5,18.5,18.5,18.5,18.5,18.5,18.5,18.5,18.5,18.5,18.5,18.5
P199105,18.0,18.0,18.0,18.0,18.0,18.0,18.0,18.0,18.0,18.0,18.0,18.0
P199107,17.0,17.0,17.0,17.0,17.0,17.0,17.0,17.0,17.0,17.0,17.0,17.0
P199108,18.0,18.0,18.0,18.0,18.0,18.0,18.0,18.0,18.0,18.0,18.0,18.0
P199109,12.0,12.0,12.0,12.0,12.0,12.0,12.0,12.0,12.0,12.0,12.0,12.0
P20003,5.0,5.0,5.0,5.0,5.0,5.0,,5.0,,,,
P20039,16.0,16.0,16.0,,,,,,,,,
P20041,2.0,2.0,2.0,,,2.0,,,,2.0,,
P20042,3.0,3.0,3.0,3.0,3.0,3.0,3.0,3.0,3.0,3.0,3.0,
P200818,,,,,11.0,11.0,11.0,11.0,11.0,11.0,11.0,11.0
P201423,12.0,12.0,,12.0,,,,,,14.0,,
P202006,14.0,14.0,14.0,14.0,14.0,14.0,14.0,14.0,14.0,14.0,14.0,14.0
P202625,18.0,18.0,18.0,18.0,18.0,18.0,,,,,,
P202656,18.0,18.0,18.0,18.0,18.0,18.0,18.0,18.0,18.0,18.0,18.0,18.0
P202658,16.0,16.0,16.0,16.0,16.0,16.0,16.0,16.0,16.0,16.0,16.0,16.0
P202947,,19.0,19.0,19.0,19.0,19.0,19.0,19.0,19.0,19.0,19.0,19.0
P20355,10.0,10.0,10.0,10.0,10.0,10.0,10.0,10.0,10.0,10.0,10.0,10.0
P204204,14.0,14.0,14.0,14.0,14.0,14.0,14.0,14.0,14.0,14.0,,
P2043,11.0,11.0,11.0,11.0,11.0,11.0,11.0,11.0,11.0,12.0,12.0,12.0
P205303,12.0,12.0,12.0,,,,,,,12.0,,
P206900,16.0,16.0,16.0,16.0,16.0,16.0,16.0,16.0,16.0,16.0,16.0,16.0
P20750,,,,,,18.0,,,,,,
P20757,,,16.0,,,,,,10.0,10.0,10.0,10.0
P208011,10.0,10.0,10.0,10.0,10.0,10.0,10.0,10.0,10.0,10.0,10.0,10.0
P208012,10.0,10.0,10.0,10.0,10.0,10.0,10.0,10.0,10.0,10.0,10.0,10.0
P210301,,,,,,,19.5,19.5,19.5,19.5,19.5,19.5
P211014,4.5,4.5,4.5,4.5,4.5,4.5,4.5,4.5,4.5,4.5,4.5,4.5
P211349,18.0,18.0,18.0,18.0,18.0,18.0,,,,,,
P211616,15.0,15.0,15.0,15.0,15.0,15.0,15.0,15.0,15.0,15.0,15.0,15.0
P211625,12.0,12.0,12.0,12.0,12.0,12.0,12.0,12.0,12.0,12.0,12.0,12.0
P211643,17.0,17.0,17.0,17.0,17.0,,,,,,,
P211901,16.0,16.0,16.0,16.0,16.0,16.0,16.0,16.0,16.0,16.0,16.0,16.0
P211912,19.0,19.0,19.0,19.0,19.0,19.0,19.0,19.0,19.0,19.0,19.0,19.0
P213011,13.0,13.0,13.0,13.0,13.0,13.0,13.0,13.0,13.0,13.0,13.0,13.0
P213304,16.5,16.5,16.5,16.5,16.5,16.5,16.5,16.5,16.5,17.5,17.5,17.5
P213541,5.0,5.0,5.0,5.0,5.0,5.0,5.0,5.0,5.0,5.0,5.0,5.0
P215938,18.0,18.0,18.0,18.0,18.0,18.0,,,,,,
P216600,11.0,11.0,11.0,11.0,11.0,11.0,11.0,11.0,11.0,11.0,11.0,
P216604,,8.0,8.0,,,,,8.0,,8.0,,
P216635,,,,,,,,,,15.0,,
P217301,7.0,7.0,7.0,7.0,7.0,7.0,7.0,9.0,9.0,9.0,,
P217303,6.0,6.0,6.0,,,,,,,,6.0,6.0
P217304,9.5,9.5,9.5,9.5,9.5,9.5,9.5,9.5,9.5,9.5,,
P217305,9.0,,,,,,,,9.0,,,
P217306,14.0,14.0,14.0,14.0,14.0,14.0,14.0,14.0,14.0,14.0,,
P217311,6.25,6.25,7.25,7.25,7.25,7.25,7.25,7.25,7.25,7.25,7.25,7.25
P217615,15.0,15.0,,,,,,,,,,
P217616,13.0,13.0,13.0,,,,,,,,,
P218707,12.0,12.0,,,,,,,,,,
P218910,,,10.0,10.0,10.0,10.0,19.0,18.0,19.0,19.0,,
P219001,19.0,19.0,19.0,19.0,19.0,19.0,19.0,19.0,19.0,19.0,19.0,19.0
P219007,10.0,10.0,10.0,10.0,10.0,10.0,10.0,10.0,10.0,10.0,10.0,10.0
P219339,9.5,9.5,9.5,9.5,9.5,9.5,9.5,9.5,9.5,9.5,,
P219340,9.5,9.5,9.5,9.5,9.5,9.5,9.5,9.5,9.5,,,
P219341,9.5,9.5,9.5,9.5,9.5,9.5,9.5,9.5,9.5,9.5,,
P219342,9.5,9.5,9.5,9.5,9.5,9.5,9.5,9.5,9.5,9.5,,
P219431,15.0,15.0,15.0,15.0,15.0,15.0,15.0,15.0,,,,
P219432,15.0,15.0,15.0,15.0,15.0,15.0,15.0,15.0,15.0,15.0,15.0,15.0
P221331,8.0,8.0,,,8.0,,,,,8.0,,
P222437,10.0,10.0,10.0,10.0,10.0,10.0,10.0,10.0,10.0,10.0,10.0,10.0
P222454,19.0,19.0,19.0,19.0,19.0,19.0,19.0,19.0,19.0,19.0,19.0,19.0
P222600,,14.0,,,,,,,,14.0,,
P223416,12.0,12.0,12.0,12.0,12.0,12.0,12.0,12.0,12.0,12.0,12.0,12.0
P223704,,,,,,,,,8.5,8.5,8.5,8.5
P223714,12.0,12.0,,12.0,12.0,12.0,12.0,12.0,12.0,12.0,12.0,12.0
P226706,,,,,,,,,16.5,,,
P226710,15.0,15.0,15.0,,,,,,,,,
P226933,16.0,16.0,16.0,16.0,,,,,,,,
P227325,,,,,,,,,15.0,15.0,15.0,
P227807,16.0,16.0,16.0,16.0,,,,,,,,
P227808,16.0,16.0,16.0,16.0,,,,,,,,
P227809,16.0,16.0,,,,,,,,,,
P228204,19.0,19.0,19.0,19.0,19.0,19.0,19.0,19.0,19.0,19.0,19.0,19.0
P228703,13.0,13.0,13.0,13.0,13.0,13.0,13.0,13.0,13.0,13.0,13.0,13.0
P228914,17.95,17.95,17.95,17.95,17.95,17.95,17.95,17.95,17.95,17.95,17.95,17.95
P229207,19.0,19.0,19.0,19.0,19.0,19.0,19.0,19.0,19.0,19.0,19.0,19.0
P230216,15.0,15.0,15.0,15.0,15.0,,15.0,15.0,15.0,15.0,,
P230232,15.0,15.0,15.0,15.0,15.0,15.0,15.0,15.0,15.0,15.0,15.0,15.0
P230234,12.0,12.0,12.0,12.0,12.0,12.0,12.0,12.0,12.0,12.0,12.0,12.0
P230513,13.0,13.0,13.0,13.0,13.0,13.0,13.0,13.0,13.0,13.0,13.0,13.0
P230514,10.0,10.0,10.0,10.0,10.0,10.0,10.0,10.0,10.0,10.0,10.0,10.0
P230538,14.0,14.0,14.0,14.0,14.0,14.0,14.0,14.0,14.0,14.0,14.0,14.0
P231112,15.0,15.0,15.0,,15.0,,,,,15.0,,
P231114,5.0,5.0,5.0,5.0,5.0,5.0,5.0,5.0,,5.0,,
P231415,12.5,,,,,,,,,,,
P231422,5.0,,,,,,,,,,,
P231441,15.0,15.0,15.0,15.0,15.0,15.0,15.0,15.0,15.0,15.0,,
P231607,12.5,,,,,,,,,,,
P231616,16.0,16.0,16.0,16.0,16.0,16.0,16.0,16.0,16.0,16.0,16.0,16.0
P231804,19.0,19.0,19.0,19.0,19.0,19.0,19.0,19.0,19.0,19.0,19.0,19.0
P232218,18.0,18.0,18.0,18.0,18.0,18.0,18.0,18.0,18.0,18.0,18.0,18.0
P232318,16.0,16.0,16.0,16.0,16.0,16.0,,,,16.0,,
P233917,6.0,6.0,6.0,6.0,6.0,6.0,6.0,,,6.0,,
P233921,8.0,8.0,8.0,8.0,8.0,8.0,8.0,8.0,8.0,8.0,8.0,8.0
P234100,15.0,15.0,15.0,15.0,15.0,15.0,15.0,15.0,,,,
P234209,10.0,10.0,10.0,10.0,10.0,10.0,10.0,10.0,10.0,10.0,10.0,10.0
P234211,17.0,17.0,17.0,17.0,17.0,17.0,17.0,17.0,17.0,17.0,17.0,18.0
P234322,,19.0,19.0,19.0,19.0,19.0,19.0,19.0,19.0,19.0,19.0,19.0
P234323,,17.0,17.0,17.0,17.0,17.0,17.0,17.0,17.0,17.0,17.0,17.0
P234922,15.0,15.0,15.0,15.0,15.0,15.0,15.0,15.0,15.0,15.0,15.0,15.0
P235502,5.0,5.0,5.0,5.0,5.0,5.0,5.0,5.0,5.0,5.0,5.0,5.0
P235522,18.0,18.0,18.0,18.0,18.0,18.0,,,,,,
P236803,15.0,15.0,15.0,15.0,15.0,15.0,15.0,15.0,15.0,15.0,15.0,15.0
P236904,5.0,5.0,5.0,5.0,5.0,5.0,5.0,5.0,5.0,5.0,5.0,5.0
P237119,,,,,,,,19.0,19.0,19.0,19.0,19.0
P237120,14.0,14.0,14.0,14.0,14.0,14.0,14.0,14.0,11.0,13.0,11.0,11.0
P237205,19.5,19.5,19.5,19.5,19.5,19.5,19.5,19.5,19.5,19.5,19.5,19.5
P237206,19.5,19.5,19.5,19.5,19.5,19.5,19.5,19.5,19.5,19.5,19.5,19.5
P237301,10.0,10.0,10.0,10.0,10.0,10.0,10.0,10.0,10.0,10.0,10.0,10.0
P238412,18.0,18.0,18.0,18.0,18.0,18.0,18.0,18.0,18.0,18.0,18.0,18.0
P239504,,18.0,18.0,18.0,18.0,18.0,18.0,18.0,18.0,18.0,18.0,18.0
P239509,18.0,18.0,18.0,18.0,18.0,18.0,18.0,18.0,,18.0,18.0,
P239510,18.0,18.0,18.0,18.0,18.0,18.0,,18.0,18.0,18.0,18.0,18.0
P241010,15.0,15.0,,,,,,,,,,
P241313,11.0,11.0,11.0,11.0,11.0,11.0,11.0,,,11.0,,
P241318,,18.0,18.0,18.0,18.0,18.0,18.0,18.0,18.0,18.0,18.0,18.0
P241716,15.0,15.0,15.0,15.0,15.0,15.0,15.0,15.0,15.0,15.0,15.0,18.0
P241720,14.0,14.0,14.0,14.0,14.0,14.0,14.0,14.0,17.0,17.0,17.0,17.0
P241721,12.0,12.0,12.0,12.0,12.0,12.0,12.0,12.0,14.0,14.0,14.0,14.0
P241722,12.0,12.0,12.0,12.0,12.0,12.0,12.0,12.0,14.0,14.0,14.0,14.0
P241723,14.0,12.0,12.0,12.0,12.0,12.0,12.0,12.0,15.0,15.0,15.0,15.0
P241801,12.0,12.0,12.0,12.0,12.0,,4.0,4.0,12.0,12.0,12.0,12.0
P242108,12.0,12.0,,,12.0,,,,,12.0,,
P242120,18.0,18.0,18.0,18.0,18.0,18.0,18.0,18.0,18.0,18.0,18.0,18.0
P242137,15.0,,,,,,,,,,,
P242138,15.0,15.0,15.0,15.0,15.0,16.0,16.0,16.0,16.0,16.0,16.0,
P242139,15.0,15.0,15.0,15.0,15.0,16.0,16.0,16.0,16.0,16.0,16.0,16.0
P242140,17.0,17.0,17.0,17.0,17.0,18.0,18.0,18.0,18.0,18.0,18.0,18.0
P242142,15.0,,,,,,,,,,,
P242143,17.0,,,,,,,,,,,
P242145,15.5,15.5,15.5,15.5,15.5,16.0,,,16.0,16.0,16.0,16.0
P242146,16.0,16.0,16.0,16.0,16.0,17.0,17.0,17.0,17.0,17.0,17.0,17.0
P242149,15.0,15.0,15.0,15.0,15.0,16.0,16.0,16.0,16.0,16.0,16.0,16.0
P242151,15.0,15.0,15.0,15.0,15.0,16.0,16.0,16.0,16.0,16.0,16.0,16.0
P242810,19.5,19.5,19.5,19.5,19.5,19.5,19.5,19.5,19.5,19.5,19.5,19.5
P243309,,,,,12.0,12.0,12.0,12.0,,12.0,12.0,12.0
P243600,18.0,18.0,18.0,18.0,18.0,18.0,18.0,18.0,18.0,18.0,18.0,18.0
P243800,14.0,14.0,14.0,14.0,14.0,14.0,14.0,14.0,14.0,14.0,14.0,14.0
P243801,16.0,16.0,16.0,16.0,16.0,16.0,16.0,16.0,16.0,16.0,16.0,16.0
P243804,19.0,19.0,19.0,19.0,19.0,19.0,19.0,19.0,19.0,19.0,19.0,19.0
P244434,10.5,10.5,10.5,10.5,10.5,10.5,10.5,10.5,10.5,10.5,10.5,10.5
P244437,12.5,12.5,12.5,12.5,12.5,12.5,12.5,12.5,12.5,12.5,12.5,12.5
P244700,16.5,16.5,16.5,16.5,16.5,16.5,16.5,16.5,16.5,16.5,16.5,16.5
P244716,9.0,9.0,9.0,9.0,9.0,9.0,9.0,9.0,9.0,9.0,,
P244901,16.0,16.0,16.0,16.0,16.0,16.0,16.0,,,,,
P245009,12.0,12.0,12.0,12.0,12.0,12.0,12.0,12.0,12.0,12.0,12.0,
P245205,18.0,18.0,18.0,18.0,18.0,18.0,18.0,18.0,18.0,18.0,18.0,18.0
P245246,18.0,18.0,18.0,18.0,18.0,18.0,18.0,18.0,18.0,18.0,,
P245413,16.0,16.0,16.0,16.0,,,,,,,,
P245426,18.0,,,,,,,,,,,
P245427,18.0,18.0,18.0,18.0,18.0,18.0,18.0,18.0,18.0,18.0,,
P245613,6.5,6.5,6.5,6.5,,,,,,,,
P246925,,,,,,,,,,,8.0,8.0
P248404,18.0,18.0,18.0,18.0,18.0,18.0,,,,,,
P248525,16.0,16.0,16.0,16.0,16.0,16.0,16.0,16.0,16.0,16.0,16.0,16.0
P248526,16.0,16.0,,,,,,,,,,
P249814,12.0,8.5,8.5,12.0,8.5,,8.5,8.5,8.5,8.5,8.5,8.5
P250704,12.0,12.0,12.0,12.0,,,,,,,,
P253713,10.0,10.0,10.0,10.0,,,,,,,,
P254307,16.0,16.0,16.0,16.0,16.0,16.0,16.0,16.0,16.0,16.0,16.0,16.0
P254649,9.0,9.0,9.0,9.0,9.0,,,9.0,,9.0,,
P254650,10.0,10.0,10.0,10.0,10.0,,,,10.0,,,
P254713,16.0,16.0,16.0,16.0,16.0,16.0,16.0,16.0,16.0,16.0,16.0,16.0
P254902,15.0,15.0,15.0,,,,,,,,,
P254904,16.0,16.0,16.0,16.0,,,,,,,,
P254906,19.0,,19.0,19.0,,,,,,,,
P254908,19.0,,,19.0,,,,,,,,
P254910,17.0,17.0,17.0,17.0,,,,,,,,
P254914,15.0,15.0,15.0,15.0,15.0,15.0,,,,10.0,15.0,
P256838,18.0,18.0,18.0,18.0,18.0,18.0,18.0,18.0,18.0,18.0,18.0,18.0
P257006,,,,,,,,,,,18.0,
P257104,16.0,16.0,16.0,16.0,16.0,16.0,16.0,,,,,
P257106,18.0,,18.0,,,,,,,,,
P257114,15.0,15.0,15.0,15.0,15.0,15.0,15.0,15.0,15.0,15.0,,
P257119,15.0,15.0,,,15.0,,,,,,,
P257302,9.0,,,,,,,,,,,
P257306,5.0,,,,,,,,,,,
P257311,19.25,19.25,19.25,19.25,19.25,19.25,19.25,19.25,19.25,19.25,19.25,19.25
P257515,15.0,10.0,10.0,10.0,10.0,10.0,10.0,10.0,10.0,,,
P257524,18.0,18.0,18.0,18.0,18.0,18.0,,,,,,
P257600,11.0,11.0,11.0,11.0,15.0,15.0,15.0,15.0,15.0,11.0,15.0,15.0
P257801,12.0,12.0,12.0,12.0,12.0,12.0,12.0,12.0,12.0,12.0,12.0,12.0
P258254,,,,,,,,,14.75,,,
P258255,,,,,,,,,17.25,,,
P258618,12.0,12.0,12.0,12.0,12.0,14.0,14.0,14.0,14.0,14.0,14.0,14.0
P258619,14.0,14.0,14.0,14.0,14.0,15.0,15.0,15.0,15.0,15.0,15.0,15.0
P258620,15.0,15.0,15.0,15.0,15.0,16.0,16.0,16.0,16.0,16.0,16.0,16.0
P258625,,,,,17.5,17.5,17.5,17.5,18.5,18.5,,
P259615,19.0,19.0,19.0,19.0,19.0,19.0,19.0,19.0,19.0,19.0,19.0,19.0
P259617,19.0,19.0,19.0,19.0,19.0,19.0,19.0,19.0,19.0,19.0,19.0,19.0
P259802,18.5,18.5,18.5,18.5,18.5,18.5,18.5,18.5,18.5,18.5,18.5,18.5
P259900,18.5,18.5,18.5,18.5,18.5,18.5,18.5,18.5,18.5,18.5,18.5,18.5
P259902,18.0,18.0,18.0,18.0,18.0,18.0,18.0,18.0,18.0,18.0,18.0,18.0
P259918,18.0,18.0,18.0,18.0,18.0,18.0,18.0,18.0,18.0,,18.0,
P259919,16.0,16.0,16.0,16.0,16.0,16.0,16.0,16.0,16.0,16.0,16.0,16.0
P259921,14.0,14.0,14.0,14.0,14.0,14.0,14.0,14.0,14.0,14.0,14.0,14.0
P259939,15.5,15.5,,,,,,,,,,
P259945,16.0,16.0,16.0,16.0,16.0,16.0,16.0,16.0,16.0,16.0,16.0,16.0
P259949,18.0,18.0,18.0,18.0,18.0,19.0,19.0,19.0,19.0,19.0,19.0,19.0
P260202,15.0,15.0,15.0,15.0,15.0,15.0,15.0,15.0,15.0,15.0,15.0,15.0
P260206,12.0,12.0,12.0,12.0,12.0,12.0,12.0,12.0,12.0,12.0,12.0,12.0
P260310,,19.0,19.0,19.0,19.0,19.0,19.0,19.0,19.0,19.0,19.0,19.0
P260500,17.0,17.0,17.0,17.0,17.0,17.0,17.0,17.0,17.0,17.0,17.0,17.0
P260501,18.0,18.0,18.0,18.0,18.0,18.0,18.0,18.0,18.0,18.0,18.0,18.0
P260509,10.0,10.0,10.0,10.0,10.0,10.0,10.0,10.0,10.0,10.0,10.0,10.0
P260521,12.0,12.0,12.0,12.0,12.0,12.0,12.0,12.0,12.0,12.0,,12.0
P261001,19.0,19.0,19.0,19.0,19.0,19.0,19.0,19.0,19.0,19.0,19.0,19.0
P261003,19.0,19.0,19.0,19.0,19.0,19.0,19.0,19.0,19.0,19.0,19.0,19.0
P261006,,,,,,,,,,,,14.0
P261104,16.0,16.0,16.0,16.0,16.0,16.0,,,,,,
P261133,15.0,15.0,15.0,15.0,15.0,15.0,15.0,15.0,15.0,15.0,18.0,18.0
P261601,15.0,15.0,15.0,15.0,15.0,15.0,15.0,15.0,15.0,,,
P261602,16.0,16.0,16.0,16.0,16.0,16.0,16.0,16.0,16.0,16.0,16.0,16.0
P261604,,,,,,,,,14.0,,,
P261605,15.0,15.0,15.0,15.0,15.0,15.0,,,,,,
P261607,12.0,12.0,12.0,12.0,12.0,12.0,12.0,12.0,,12.0,12.0,
P262038,,,,,10.0,10.0,10.0,10.0,10.0,10.0,10.0,
P262040,3.0,3.0,3.0,3.0,3.0,3.0,3.0,3.0,3.0,3.0,3.0,
P262041,5.0,5.0,5.0,5.0,5.0,5.0,5.0,5.0,5.0,5.0,5.0,5.0
P262404,6.5,6.5,6.5,,,,,,,,,
P262502,14.5,14.5,14.5,14.5,14.5,14.5,14.5,14.5,14.5,14.5,14.5,14.5
P263315,18.5,18.5,18.5,18.5,18.5,18.5,18.5,18.5,18.5,18.5,18.5,18.5
P263401,18.0,18.0,18.0,18.0,18.0,18.0,18.0,18.0,18.0,18.0,18.0,18.0
P263713,,14.0,14.0,,,14.0,,14.0,,14.0,,
P263902,15.0,,,,,15.0,,,,,,
P264411,18.0,18.0,18.0,18.0,18.0,18.0,18.0,18.0,,,,
P265415,18.5,18.5,18.5,18.5,18.5,18.5,18.5,18.5,18.5,18.5,18.5,18.5
P265707,5.0,5.0,5.0,7.0,7.0,,,,7.0,5.0,7.0,
P265708,8.5,10.5,10.5,10.5,10.5,10.5,10.5,10.5,10.5,10.5,10.5,14.0
P265709,,,,,14.0,,,,,,,
P265712,,,,,5.0,5.0,5.0,5.0,5.0,5.0,5.0,5.0
P266114,18.0,18.0,,,,,,18.0,,,,
P266126,,6.0,6.0,6.0,6.0,6.0,6.0,6.0,6.0,6.0,6.0,6.0
P266303,14.0,14.0,14.0,14.0,14.0,14.0,14.0,14.0,14.0,14.0,14.0,14.0
P266305,4.0,4.0,4.0,4.0,4.0,,4.0,4.0,4.0,4.0,,
P266311,,,,,,,,,14.0,14.0,,
P266313,15.0,15.0,15.0,,,,,,,,,
P266500,12.0,12.0,12.0,12.0,12.0,12.0,12.0,12.0,12.0,12.0,12.0,12.0
P266807,16.0,,,,,,,,,,,
P266811,9.5,9.5,9.5,9.5,9.5,9.5,9.5,9.5,9.5,9.5,14.0,14.0
P266812,8.0,8.0,8.0,8.0,8.0,8.0,8.0,8.0,8.0,8.0,8.0,8.0
P267208,19.0,19.0,19.0,19.0,19.0,19.0,19.0,19.0,19.0,19.0,19.0,19.0
P267209,15.0,15.0,15.0,15.0,15.0,15.0,15.0,15.0,15.0,15.0,15.0,15.0
P267305,18.0,18.0,18.0,18.0,18.0,18.0,18.0,18.0,18.0,18.0,18.0,18.5
P267313,17.0,17.0,17.0,17.0,17.0,17.0,17.0,17.0,17.0,17.0,17.0,17.0
P267400,12.0,12.0,12.0,12.0,12.0,,12.0,12.0,12.0,12.0,,
P267402,15.0,15.0,15.0,15.0,,,,,,,,
P267701,18.0,18.0,18.0,18.0,18.0,18.0,18.0,18.0,18.0,18.0,18.0,18.0
P268010,,,,,,,,,17.0,,,
P268209,18.0,18.0,18.0,18.0,18.0,18.0,18.0,18.0,18.0,18.0,18.0,18.0
P268604,18.0,18.0,18.0,18.0,18.0,18.0,18.0,18.0,18.0,,,
P268702,19.0,19.0,19.0,19.0,19.0,19.0,19.0,19.0,19.0,,,
P268703,18.0,18.0,18.0,18.0,18.0,18.0,18.0,18.0,18.0,18.0,18.0,18.0
P268704,8.5,8.5,8.5,8.5,8.5,8.5,8.5,8.5,8.5,8.5,8.5,8.5
P268707,,,,,,,,,15.0,15.0,15.0,15.0
P269006,18.0,18.0,18.0,18.0,,,,,,,,
P269023,18.0,18.0,18.0,18.0,18.0,,,,,,,
P269400,8.5,12.0,12.0,12.0,12.0,12.0,12.0,12.0,12.0,12.0,12.0,
P269402,12.0,,,,,,,,,,,
P269404,12.0,,,,,,,,,,,
P269714,18.0,18.0,18.0,18.0,18.0,18.0,18.0,18.0,18.0,18.0,18.0,18.0
P270572,10.0,10.0,10.0,10.0,10.0,10.0,10.0,10.0,10.0,10.0,10.0,10.0
P270707,,,,,17.0,17.0,17.0,17.0,17.0,17.0,17.0,17.0
P270916,15.0,15.0,15.0,15.0,15.0,15.0,15.0,15.0,15.0,15.0,15.0,15.0
P271200,18.0,18.0,18.0,18.0,18.0,18.0,19.0,19.0,19.0,19.0,19.0,19.0
P271703,15.0,15.0,15.0,15.0,15.0,15.0,15.0,15.0,15.0,15.0,15.0,15.0
P271904,19.5,19.5,19.5,19.5,19.5,19.5,19.5,19.5,19.5,19.5,19.5,19.5
P272655,13.0,,,,,,,,,,,
P272802,14.0,14.0,14.0,14.0,14.0,,,,,,,
P273305,12.0,12.0,,,12.0,12.0,12.0,12.0,,12.0,12.0,
P273403,16.0,12.0,12.0,12.0,12.0,12.0,12.0,12.0,12.0,12.0,12.0,12.0
P273909,,,,,,,,,,,,19.5
P274211,9.0,,,,,,,,,,,
P274214,10.5,,,,,,,,,,,
P274602,8.0,,,,,,,,,,,
P274715,9.0,9.0,9.0,,,,,,,,,
P274927,,17.0,17.0,17.0,,17.0,,,,17.0,,
P275309,16.0,16.0,16.0,16.0,16.0,16.0,16.0,16.0,16.0,16.0,16.0,16.0
P276318,6.75,6.75,6.75,6.75,6.75,6.75,6.75,6.75,6.75,6.75,6.75,6.75
P276319,7.75,7.75,7.75,7.75,7.75,7.75,7.75,7.75,7.75,7.75,7.75,7.75
P276320,8.0,8.0,8.0,8.0,8.0,8.0,8.0,8.0,,,,
P276321,12.0,7.5,7.5,12.0,7.5,7.5,7.0,,12.0,7.5,12.0,12.0
P276322,9.0,9.0,9.0,9.0,9.0,9.0,9.0,9.0,9.0,9.0,9.0,9.0
P276323,10.0,10.0,10.0,10.0,10.0,,,,,,,
P276324,15.0,15.0,15.0,15.0,15.0,15.0,15.0,15.0,15.0,15.0,15.0,15.0
P276326,15.0,15.0,15.0,,,,,,,,,
P276329,16.0,16.0,16.0,16.0,16.0,16.0,16.0,16.0,16.0,16.0,16.0,16.0
P276331,,,,,,,,,,,16.5,16.5
P276332,,18.0,18.0,18.0,18.0,18.0,18.0,18.0,18.0,18.0,18.0,18.0
P276333,8.0,4.5,8.0,8.0,8.0,8.0,8.0,8.0,8.0,4.5,8.0,8.0
P276338,,,,14.5,,,,,,,,
P276341,6.5,10.0,10.0,10.0,10.0,10.0,10.0,10.0,5.0,5.0,5.0,10.0
P276342,16.0,11.5,11.5,11.5,16.0,16.0,11.5,11.5,11.5,7.0,7.0,16.0
P276343,14.0,14.0,14.0,14.0,14.0,,,,,,,
P276344,16.0,16.0,16.0,16.0,16.0,16.0,16.0,,7.0,7.0,7.0,16.0
P276909,16.0,,,,,,,,,16.0,,
P276910,16.0,16.0,16.0,16.0,16.0,16.0,16.0,16.0,9.0,,,
P276915,19.0,19.0,19.0,19.0,19.0,19.0,19.0,19.0,19.0,19.0,19.0,19.0
P276919,10.0,10.0,10.0,10.0,10.0,10.0,10.0,10.0,10.0,10.0,10.0,10.0
P277217,14.0,14.0,14.0,14.0,14.0,14.0,14.0,14.0,14.0,14.0,14.0,14.0
P277300,18.0,18.0,18.0,18.0,18.0,18.0,,,,,,
P277301,18.0,18.0,18.0,18.0,18.0,18.0,,,,,,
P277402,10.0,10.0,10.0,10.0,,,,,,,,
P277700,14.0,14.0,14.0,14.0,14.0,14.0,14.0,14.0,14.0,14.0,14.0,14.0
P278012,18.0,18.0,18.0,18.0,18.0,18.0,18.0,18.0,18.0,19.0,19.0,19.0
P278310,6.0,6.0,6.0,6.0,6.0,6.5,6.5,6.5,6.5,6.5,6.5,6.5
P278311,18.0,18.0,18.0,18.0,18.0,18.0,18.0,18.0,18.0,18.0,18.0,18.0
P278527,,,11.0,11.0,,,,,,,,
P278528,,15.0,15.0,15.0,15.0,15.0,15.0,15.0,15.0,15.0,15.0,15.0
P278530,,15.0,15.0,15.0,15.0,15.0,15.0,15.0,15.0,15.0,15.0,15.0
P278533,,,15.0,15.0,15.0,15.0,15.0,15.0,15.0,15.0,15.0,
P278605,18.0,18.0,18.0,18.0,18.0,19.0,19.0,19.0,19.0,19.0,19.0,19.0
P278807,15.0,15.0,15.0,15.0,15.0,15.0,15.0,15.0,15.0,15.0,15.0,15.0
P279111,18.0,18.0,18.0,18.0,18.0,18.0,18.0,18.0,18.0,18.0,18.0,18.0
P279112,18.0,18.0,18.0,18.0,18.0,18.0,18.0,18.0,18.0,18.0,18.0,18.0
P279113,16.0,16.0,16.0,16.0,16.0,16.0,16.0,16.0,16.0,16.0,16.0,16.0
P279440,5.0,4.0,4.0,4.0,5.0,5.0,5.0,4.0,5.0,5.0,5.0,5.0
P279508,12.0,12.0,12.0,12.0,12.0,12.0,12.0,12.0,12.0,12.0,12.0,12.0
P279510,10.0,10.0,10.0,10.0,10.0,10.0,10.0,10.0,10.0,10.0,10.0,10.0
P279610,5.0,,,,,,,,,,,
P279614,14.0,14.0,14.0,14.0,,,,,,,,
P279624,11.5,16.0,16.0,,,,,,,,,
P279638,16.0,16.0,16.0,16.0,16.0,16.0,16.0,16.0,16.0,16.0,16.0,16.0
P279639,11.0,11.0,11.0,11.0,12.0,12.0,12.0,12.0,12.0,12.0,12.0,12.0
P279707,16.0,16.0,16.0,16.0,16.0,,,,,,,
P280404,16.0,16.0,16.0,16.0,16.0,16.0,16.0,16.0,16.0,16.0,16.0,16.0
P280405,18.0,18.0,18.0,18.0,18.0,18.0,,,,,,
P280409,16.0,16.0,16.0,16.0,16.0,16.0,16.0,16.0,16.0,16.0,16.0,16.0
P280510,17.5,17.5,17.5,17.5,17.5,18.0,18.0,18.0,18.0,18.0,18.0,18.0
P280513,19.5,19.5,19.5,19.5,19.5,,,,,,,
P280528,12.5,12.5,12.5,12.5,12.5,13.0,13.0,13.0,13.0,13.0,13.0,13.0
P280530,13.5,13.5,13.5,13.5,13.5,13.5,13.5,13.5,13.5,13.5,13.5,13.5
P280533,16.5,16.5,16.5,16.5,16.5,16.5,16.5,16.5,16.5,16.5,16.5,16.5
P280535,16.5,16.5,16.5,16.5,16.5,17.0,17.0,8.0,8.0,8.0,8.0,8.0
P280537,18.0,18.0,18.0,18.0,18.0,18.5,18.5,18.5,18.5,18.5,18.5,18.5
P280548,19.5,19.5,19.5,19.5,19.5,,,,,,,
P280550,19.0,19.0,19.0,19.0,19.0,,,,,,,
P280718,,,,,,,19.0,19.0,,,19.0,19.0
P280921,15.0,15.0,15.0,15.0,15.0,15.0,15.0,15.0,15.0,10.75,15.0,
P281216,19.0,19.0,19.0,19.0,19.0,19.0,19.0,19.0,19.0,19.0,19.0,19.0
P281217,17.0,17.0,17.0,17.0,17.0,17.0,17.0,17.0,17.0,17.0,17.0,17.0
P281411,12.0,12.0,12.0,12.0,12.0,12.0,12.0,12.0,12.0,12.0,12.0,12.0
P281412,14.0,14.0,14.0,14.0,14.0,14.0,14.0,14.0,14.0,14.0,,
P281413,12.0,12.0,12.0,12.0,12.0,12.0,12.0,12.0,12.0,12.0,,
P281804,5.0,,,,,,,,,,,
P281805,5.0,,,,,,,,,,,
P281809,14.0,,,,,,,,,,,
P281810,16.0,,,,,,,,,,,
P281818,18.0,,,,,,,,,,,
P281819,14.0,,,,,,,,,,,
P281820,12.0,,,,,,,,,,,
P282026,14.0,14.0,14.0,14.0,13.0,13.0,,,,,,
P282114,15.0,15.0,15.0,15.0,15.0,,,,,,,
P282122,15.0,15.0,15.0,15.0,15.0,15.0,15.0,15.0,15.0,15.0,15.0,15.0
P282905,10.0,,,,,,,,,,,
P282906,10.0,10.0,10.0,10.0,,,,,,,,
P282907,10.0,,,,,,,,,,,
P282908,10.0,,,,,,,,,,,
P282909,10.0,,,,,,,,,,,
P282910,10.0,,,,,,,,,,,
P283317,18.0,18.0,18.0,18.0,18.0,18.0,18.0,18.0,18.0,18.0,18.0,18.0
P283322,,,,,,,,,9.0,,,
P283355,16.5,16.5,16.5,16.5,16.5,16.5,16.5,,,,,
P283358,14.0,14.0,14.0,14.0,,,,,,,,
P283359,18.5,,,,,,,,,,,
P283515,15.0,,,,,,,,,,,
P283703,18.0,,,,,,,,,,,
P283704,10.5,,,,,,,,,,,
P283705,18.0,,,,,,,,,,,
P283706,18.0,,,,,,,,,,,
P283707,18.0,,,,,,,,,,,
P283708,18.0,18.0,18.0,18.0,18.0,18.0,18.0,,,,,
P283907,19.0,19.0,19.0,19.0,19.0,19.0,,,,,,
P283908,18.0,18.0,18.0,18.0,18.0,,,,,,,
P283909,18.0,18.0,18.0,18.0,18.0,18.0,18.0,18.0,18.0,18.0,18.0,18.0
P283920,6.5,6.5,6.5,6.5,6.5,6.5,6.5,6.5,6.5,6.5,6.5,6.5
P284006,18.0,18.0,18.0,18.0,,,,,,,,
P284104,16.0,16.0,16.0,16.0,16.0,16.0,16.0,16.0,16.0,16.0,15.0,15.0
P284105,,,,,,,,,,,17.0,17.0
P284106,15.0,15.0,15.0,15.0,16.0,16.0,16.0,16.0,16.0,16.0,16.0,16.5
P284205,16.0,16.0,16.0,16.0,16.0,16.0,16.0,16.0,16.0,16.0,16.0,16.0
P284302,,,,,,15.0,15.0,,,,,
P284305,19.0,19.0,19.0,19.0,19.0,19.0,19.0,19.0,19.0,19.0,19.0,19.0
P284507,12.0,12.0,12.0,12.0,14.0,14.0,14.0,14.0,14.0,14.0,14.0,14.0
P284701,,19.0,19.0,19.0,19.0,19.5,19.5,19.5,19.5,19.5,19.5,19.5
P284705,,19.0,19.0,19.0,19.0,19.0,,,,,,
P284709,18.0,18.0,18.0,18.0,18.0,18.0,18.0,18.0,18.0,18.0,18.0,18.0
P284716,,,,,,,,,16.0,16.0,16.0,16.0
P284722,18.0,18.0,18.0,18.0,18.0,18.0,18.0,,,,,
P285126,15.0,15.0,15.0,15.0,15.0,15.0,15.0,,,,,
P285141,18.0,18.0,18.0,18.0,18.0,,,,,,,
P285142,18.0,18.0,18.0,18.0,18.0,,,,,,,
P285146,16.0,16.0,16.0,16.0,16.0,16.5,16.5,16.5,16.5,16.5,16.5,
P285310,17.0,17.0,17.0,17.0,17.0,17.0,17.0,17.0,,,,17.0
P285323,16.0,16.0,16.0,16.0,16.0,16.5,,16.5,16.5,16.5,16.5,16.5
P285814,9.0,,,,,,,,,,,
P286026,15.0,15.0,15.0,15.0,15.0,15.0,15.0,,15.0,15.0,,
P286027,,,10.0,10.0,,,,,,,,
P286028,14.0,14.0,14.0,14.0,14.0,14.0,14.0,14.0,14.0,14.0,14.0,14.0
P286029,5.0,5.0,5.0,5.0,5.0,5.0,5.0,5.0,5.0,5.0,5.0,5.0
P286031,12.0,,,,,,,,,,,
P286033,15.0,,,,,,,,,15.0,,
P286035,10.0,10.0,10.0,10.0,10.0,10.0,10.0,10.0,10.0,10.0,10.0,11.0
P286101,19.0,19.0,19.0,19.0,19.0,19.0,19.0,19.0,19.0,19.0,19.0,19.0
P286202,18.0,18.0,18.0,18.0,18.0,18.0,18.0,18.0,18.0,18.0,18.0,18.0
P286301,12.0,,,,,,,,,,,
P286403,18.5,18.5,18.5,18.5,18.5,18.5,18.5,18.5,18.5,18.5,18.5,18.5
P286510,15.0,15.0,15.0,15.0,15.0,15.0,15.0,10.5,10.5,10.5,10.5,10.5
P286513,12.0,12.0,12.0,12.0,12.0,12.0,12.0,12.0,12.0,12.0,12.0,12.0
P286604,18.0,18.0,18.0,18.0,18.0,18.0,18.0,18.0,18.0,18.0,18.0,18.0
P286615,17.5,17.5,17.5,17.5,17.5,18.5,18.5,18.5,18.5,18.5,18.5,18.5
P286721,16.0,16.0,16.0,16.0,16.0,13.0,13.0,13.0,13.0,13.0,10.0,16.0
P286802,,,,,18.0,18.0,18.0,,,18.0,18.0,
P286900,18.0,18.0,18.0,18.0,18.0,18.0,18.0,18.0,18.0,18.0,18.0,
P287412,,10.0,10.0,,,,,,,,,
P287416,,,10.0,10.0,,,,,,,,
P287419,10.0,10.0,10.0,10.0,,,,,,,,
P287703,13.0,,,,,,,,,,,
P288521,7.5,7.5,7.5,7.5,7.5,7.5,7.5,,,,,
P288536,12.0,12.0,12.0,12.0,12.0,7.5,7.5,7.5,7.5,7.5,7.5,7.5
P288800,13.0,13.0,13.0,13.0,13.0,13.0,13.0,13.0,13.0,13.0,13.0,13.0
P288802,19.0,19.0,19.0,19.0,19.0,19.0,19.0,19.0,19.0,19.0,19.0,19.0
P288818,10.0,10.0,10.0,10.0,,,,,,,,
P289102,10.0,10.0,10.0,10.0,,,,,,,,
P289304,18.0,18.0,18.0,18.0,18.0,,,,,,,
P289307,,16.5,16.5,16.5,16.5,16.5,16.5,16.5,16.5,16.5,16.5,16.5
P289500,18.0,18.0,18.0,18.0,18.0,18.0,18.0,,,,,
P289501,,18.0,18.0,18.0,,,,,,,,
P289502,,10.0,,10.0,,,,,,,,
P289503,18.0,18.0,18.0,18.0,18.0,18.0,18.0,,,,,
P289504,,10.0,10.0,10.0,,,,,,,,
P289505,,10.0,10.0,10.0,10.0,10.0,10.0,,,10.0,,
P2897,,,,,,,19.0,19.0,19.0,19.0,19.0,19.0
P289700,15.0,15.0,15.0,15.0,15.0,15.0,15.0,15.0,15.0,15.0,15.0,15.0
P289943,13.0,13.0,13.0,13.0,13.0,13.0,13.0,13.0,13.0,13.0,13.0,13.0
P290100,5.0,9.5,9.5,9.5,9.5,9.5,9.5,9.5,9.5,9.5,9.5,9.5
P290303,9.0,9.0,9.0,9.0,9.0,9.0,9.0,9.0,9.0,9.0,9.0,
P290305,15.5,,,,,,,,,,,
P290308,7.0,,,,,,,,,,,
P290625,18.0,18.0,18.0,18.0,18.0,18.0,,,,,,
P290626,18.0,18.0,18.0,18.0,18.0,18.0,18.0,18.0,18.0,18.0,18.0,18.0
P290801,19.0,19.0,19.0,19.0,19.0,19.0,19.0,19.0,19.0,19.0,19.0,19.0
P290806,,,,,,,,,,,9.0,9.0
P290902,18.0,18.0,18.0,18.0,18.0,18.0,18.0,18.0,18.0,18.0,18.0,18.0
P2911,,,,,,,19.0,19.0,19.0,19.0,19.0,19.0
P291201,18.0,18.0,18.0,18.0,18.0,19.0,19.0,19.0,19.0,19.0,19.0,19.0
P291405,,16.0,16.0,,,,,16.0,,16.0,,
P291406,12.0,12.0,12.0,12.0,12.0,12.0,12.0,12.0,12.0,12.0,12.0,12.0
P291408,18.0,,,,,,,,,,,
P291409,18.0,,,,,,,,,,,
P291411,10.0,10.0,10.0,10.0,,,,,,,,
P291414,15.0,15.0,15.0,15.0,15.0,15.0,15.0,15.0,15.0,15.0,15.0,
P291417,8.0,8.0,8.0,8.0,8.0,8.5,8.5,8.25,8.25,8.25,8.25,8.25
P291418,8.0,8.0,8.0,8.0,8.0,8.5,8.5,,,,,
P291430,12.0,12.0,12.0,12.0,14.0,14.0,14.0,13.0,14.0,14.0,14.0,9.5
P291432,18.0,18.0,18.0,18.0,18.0,18.0,18.0,18.0,18.0,18.0,18.0,18.0
P291441,18.0,18.0,18.0,18.0,18.0,18.0,18.0,18.0,18.0,18.0,18.0,18.0
P291443,18.0,18.0,18.0,18.0,18.0,18.0,18.0,,,,,
P291516,18.0,18.0,18.0,18.0,18.0,18.0,18.0,,,,,
P291517,16.0,16.0,16.0,16.0,16.0,16.0,16.0,16.0,16.0,16.0,16.0,16.0
P291519,,,,,,,,,,,,18.0
P291809,18.0,18.0,,,,,,,,,,
P291904,5.0,,,,,,,,,,,
P291905,5.0,5.0,5.0,5.0,5.0,5.0,5.0,5.0,5.0,5.0,5.0,
P291906,9.5,9.5,9.5,9.5,9.5,9.5,9.5,9.5,9.5,9.5,,
P291910,14.0,14.0,14.0,14.0,16.0,16.0,16.0,16.0,16.0,16.0,16.0,17.0
P292001,7.25,7.25,7.25,7.25,7.25,7.25,7.25,7.25,9.5,7.25,7.25,7.25
P292002,,19.5,19.5,,10.0,10.0,,,,,,
P292003,9.5,9.5,9.5,9.5,9.5,9.5,9.5,9.5,9.5,9.5,9.5,9.5
P292004,,,,,9.5,9.5,9.5,9.5,9.5,9.5,9.5,9.5
P292005,10.0,10.0,10.0,10.0,10.0,10.0,10.0,10.0,10.0,10.0,10.0,10.0
P292006,10.0,10.0,10.0,10.0,10.0,10.0,10.0,10.0,10.0,10.0,10.0,10.0
P292009,10.0,10.0,10.0,10.0,10.0,10.0,10.0,10.0,10.0,10.0,10.0,10.0
P292015,19.0,19.0,19.0,19.0,19.0,19.0,19.0,19.0,19.0,19.0,19.0,19.0
P292016,19.0,19.0,19.0,19.0,19.0,19.0,19.0,19.0,19.0,19.0,19.0,19.0
P292202,10.0,10.0,,,,,,,,,,
P292303,,,,,,19.0,19.0,,,,,
P292304,19.0,19.0,19.0,19.0,19.0,19.0,19.0,19.0,19.0,19.0,19.0,19.0
P292306,3.0,5.0,5.0,,,5.0,,,,,,
P292308,12.0,12.0,12.0,,12.0,12.0,12.0,12.0,,12.0,,
P292310,12.0,8.5,8.5,8.5,8.5,8.5,8.5,8.5,8.5,8.5,8.5,8.5
P292312,16.2,,,,,,,,,,,
P292402,18.0,18.0,18.0,18.0,18.0,18.0,18.0,18.0,18.0,19.0,19.0,19.0
P292817,18.0,18.0,18.0,18.0,18.0,18.0,18.0,18.0,18.0,18.0,18.0,18.0
P292818,18.0,18.0,18.0,18.0,18.0,18.0,18.0,18.0,18.0,18.0,18.0,18.0
P293005,19.0,19.0,19.0,19.0,19.0,19.0,19.0,19.0,19.0,19.0,19.0,19.0
P293008,9.0,12.0,12.0,12.0,12.0,12.0,12.0,12.0,12.0,12.0,12.0,12.0
P293104,14.0,14.0,14.0,14.0,14.0,14.0,14.0,14.0,14.0,14.0,14.0,14.0
P293106,14.0,14.0,14.0,14.0,14.0,14.0,14.0,12.5,14.0,14.0,10.0,10.0
P293204,19.25,19.25,19.25,19.25,19.25,19.25,19.25,19.25,19.25,19.25,19.25,19.25
P293519,10.0,10.0,10.0,10.0,10.0,,,,,,,
P293606,19.5,19.5,19.5,19.5,19.5,19.5,19.5,,,,19.5,19.5
P294206,19.0,19.0,,,,,,,,,,
P294316,,,,,,,,,,15.0,15.0,
P294413,,,,,,,19.0,19.0,,,,
P294707,5.0,5.0,5.0,5.0,5.0,7.0,7.0,7.0,7.0,7.0,7.0,7.0
P294708,12.0,12.0,,,12.0,12.0,12.0,12.0,12.0,12.0,,
P294721,14.0,14.0,14.0,14.0,14.0,16.0,16.0,16.0,16.0,16.0,,
P294722,14.0,9.5,9.5,9.5,9.5,10.5,10.5,10.5,10.5,10.5,,
P294723,14.0,14.0,14.0,14.0,14.0,16.0,16.0,16.0,16.0,16.0,16.0,16.0
P294724,11.5,11.5,11.5,11.5,11.5,12.5,12.5,12.5,12.5,12.5,12.5,12.5
P294725,18.0,18.0,18.0,18.0,18.0,,,,,,,
P294727,18.0,18.0,18.0,18.0,18.0,,,,,,,
P294728,18.0,18.0,18.0,18.0,18.0,,,,,,,
P294729,16.0,16.0,16.0,16.0,16.0,18.0,18.0,18.0,18.0,18.0,,
P294731,7.5,7.5,7.5,7.5,7.5,8.5,8.5,8.5,8.5,8.5,8.5,8.5
P294732,15.0,15.0,15.0,15.0,15.0,16.0,16.0,16.0,16.0,16.0,16.0,16.0
P294737,16.0,16.0,16.0,9.5,9.5,9.5,9.5,9.5,9.5,9.5,9.5,3.0
P294738,10.0,10.0,10.0,10.0,10.0,10.0,10.0,10.0,10.0,10.0,10.0,
P294747,18.0,18.0,18.0,18.0,18.0,18.0,18.0,18.0,18.0,18.0,18.0,18.0
P294748,18.0,18.0,18.0,18.0,18.0,18.0,18.0,18.0,18.0,18.0,18.0,
P294749,18.0,18.0,18.0,18.0,18.0,18.0,18.0,18.0,18.0,18.0,18.0,
P294750,15.0,15.0,15.0,15.0,15.0,16.0,16.0,16.0,16.0,16.0,16.0,16.0
P294753,18.0,18.0,18.0,18.0,18.0,,,,,,,
P294800,9.0,9.0,,,,,,,,,,
P294801,9.0,9.0,9.0,19.0,19.0,19.0,19.0,,,,,
P294802,9.0,9.0,9.0,19.0,19.0,19.0,19.0,,,,,
P294806,,,,,,,19.0,19.0,,,,
P294807,10.0,10.0,10.0,10.0,10.0,10.0,10.0,10.0,10.0,10.0,10.0,10.0
P294808,,,,,,,,,,15.0,,
P295218,19.95,19.95,19.95,19.95,,,,,,,,
P295230,,,,,,,,,9.0,,,
P295232,15.0,15.0,15.0,15.0,15.0,,15.0,,,15.0,15.0,
P295484,9.0,9.0,9.0,19.0,19.0,19.0,19.0,19.0,,,,
P295485,9.0,9.0,9.0,19.0,19.0,19.0,19.0,,,,,
P295486,15.0,15.0,15.0,15.0,15.0,15.0,15.0,15.0,15.0,,,
P295600,15.0,15.0,15.0,15.0,15.0,15.0,15.0,15.0,15.0,15.0,15.0,15.0
P296010,11.5,11.5,11.5,11.5,11.5,11.5,11.5,11.5,11.5,11.5,11.5,11.5
P296100,6.0,6.0,6.0,6.0,6.0,6.0,6.0,6.0,6.0,6.0,6.0,6.0
P296101,9.0,,,,,,,,,,,
P296109,17.0,17.0,17.0,17.0,17.0,17.0,17.0,,,,,
P296224,17.0,17.0,17.0,17.0,17.0,17.0,17.0,17.0,17.0,17.0,17.0,
P296228,16.0,16.0,16.0,16.0,16.0,16.0,16.0,16.0,16.0,16.0,16.0,16.0
P296230,,,,,,,,,,,13.5,13.5
P296232,,,,,,,,,,,14.5,14.5
P296843,18.0,18.0,18.0,18.0,18.0,19.0,19.0,19.0,19.0,19.0,19.0,19.0
P296845,12.0,,,,,,,,,,,
P296850,9.0,,,,,,,,,,,
P296852,10.0,10.0,10.0,10.0,10.0,10.0,,,10.0,10.0,10.0,10.0
P297102,15.0,,,,,,,,,,,
P297121,9.0,,,,,,,,,,,
P297124,15.0,,,,,,,,,,,
P297125,8.0,8.0,,,,,,,,,,
P297132,13.0,13.0,13.0,13.0,13.0,13.0,13.0,13.0,11.5,11.5,11.5,16.0
P297134,9.5,9.5,9.5,9.5,9.5,9.5,9.5,9.5,9.5,9.5,9.5,9.5
P297136,,,7.0,,7.0,7.0,7.0,7.0,7.0,7.0,7.0,7.0
P297137,15.0,,,,,,,,,,,
P297303,10.0,10.0,10.0,10.0,10.0,10.0,10.0,10.0,10.0,10.0,10.0,
P297313,10.0,,,,,,,,,,,
P297318,6.0,6.0,6.0,6.0,6.0,6.0,6.0,6.0,6.0,6.0,6.0,
P297319,,,,,,,,,6.0,,6.0,
P297320,10.0,,,,,,,,,,,
P297325,10.0,10.0,10.0,10.0,10.0,10.0,10.0,10.0,10.0,10.0,10.0,
P297517,14.5,14.5,14.5,14.5,14.5,14.5,14.5,14.5,14.5,14.5,14.5,14.5
P297539,17.5,17.5,17.5,17.5,17.5,17.5,17.5,17.5,17.5,17.5,17.5,17.5
P297549,14.5,14.5,14.5,14.5,14.5,14.5,14.5,14.5,14.5,14.5,14.5,
P298005,16.0,16.0,16.0,16.0,,,,,,,,
P298301,18.0,18.0,18.0,18.0,,,,,,,,
P298327,10.0,10.0,10.0,10.0,10.0,,,,10.0,10.0,,
P298603,,,,,14.0,,,,,,,
P298740,15.0,15.0,,15.0,,,,,,14.5,,
P298741,11.0,10.0,,,,,,,,,,
P298742,18.0,,,,,,,,,,,
P298743,15.0,,,,,,,,,,,
P298803,12.0,12.0,12.0,12.0,12.0,,,,,,,
P298910,7.5,7.5,7.5,7.5,7.5,7.5,7.5,7.5,7.5,7.5,7.5,7.5
P299435,14.0,14.0,5.0,,5.0,5.0,5.0,5.0,5.0,,,
P299438,10.0,,,,,,,,,,,
P299543,18.0,18.0,,,,,,,,,,
P299606,8.5,8.5,8.5,8.5,8.5,8.5,12.0,12.0,12.0,12.0,12.0,12.0
P299607,16.0,,,,,,,,,16.0,,
P299703,18.0,,,,,,,,,,,
P299705,18.0,,,,,,,,,,,
P299851,18.0,,,,,,,,,,,
P299852,18.0,18.0,18.0,18.0,,,,,,,,
P299853,5.0,,,,,,,,,,,
P299854,5.0,,,,,,,,,,,
P300333,,,,,10.0,,,,,,,
P300334,,,,,10.0,,,,,,,
P300511,10.0,,,,,,,,,,,
P300601,18.0,18.0,18.0,18.0,18.0,18.0,18.0,18.0,18.0,18.0,18.0,18.0
P300602,12.0,12.0,12.0,12.0,12.0,12.0,12.0,12.0,12.0,12.0,12.0,12.0
P300603,11.0,11.0,11.0,11.0,11.0,11.0,11.0,11.0,11.0,11.0,11.0,11.0
P300700,7.0,7.0,7.0,7.0,7.0,7.0,7.0,7.0,7.0,7.0,7.0,7.0
P300702,15.0,15.0,15.0,15.0,,,,,,,,
P301007,15.0,15.0,15.0,15.0,15.0,15.0,15.0,15.0,15.0,,,
P301202,,,,,,,,10.0,,10.0,,
P302632,12.0,12.0,12.0,12.0,12.0,,,,,,,
P302912,18.0,18.0,18.0,18.0,,,,,,,,
P302924,18.0,18.0,18.0,18.0,18.0,18.0,19.0,19.0,19.0,19.0,19.0,19.0
P303014,10.0,10.0,10.0,10.0,10.0,,,,,,,
P303018,10.0,10.0,10.0,10.0,,,,,,,,
P303019,16.0,16.0,16.0,16.0,,,,,,,,
P303100,19.0,19.0,19.0,19.0,,,,,,,,
P303108,15.0,15.0,15.0,15.0,15.0,15.0,,,,,,
P303109,18.0,18.0,18.0,18.0,18.0,18.0,18.0,18.0,18.0,18.0,18.0,18.0
P303302,11.0,11.0,11.0,11.0,11.0,11.0,11.0,11.0,12.0,12.0,12.0,12.0
P303303,15.0,15.0,15.0,15.0,15.0,15.0,15.0,15.0,15.0,15.0,15.0,15.0
P303304,12.0,12.0,12.0,12.0,12.0,12.0,12.0,12.0,,12.0,12.0,12.0
P303305,4.0,4.0,4.0,4.0,4.0,4.0,4.0,4.0,4.0,4.0,4.0,4.0
P303310,8.0,8.0,8.0,8.0,8.0,8.0,8.0,8.0,,,,
P303315,19.0,19.0,19.0,19.0,19.0,19.0,19.0,19.0,19.0,19.0,19.0,19.0
P303316,12.0,12.0,,,,,,,,,,
P303320,14.0,14.0,14.0,14.0,16.0,16.0,16.0,16.0,16.0,16.0,16.0,16.0
P303321,15.0,15.0,,,,,,,,,,
P303322,10.0,10.0,10.0,10.0,,,,,,10.0,,
P303333,8.0,,,,8.0,,,,,,,
P303334,6.0,,,,,,,,,,,
P303336,16.0,16.0,16.0,16.0,16.0,17.0,17.0,17.0,17.0,17.0,17.0,17.0
P303337,18.0,18.0,,,18.0,18.0,18.0,18.0,18.0,18.0,10.0,10.0
P303338,15.0,15.0,15.0,15.0,15.0,15.0,15.0,15.0,15.0,15.0,15.0,15.0
P303340,4.0,4.0,4.0,4.0,4.0,4.0,4.0,4.0,,4.0,4.0,
P303342,15.0,15.0,15.0,15.0,15.0,15.0,15.0,15.0,15.0,15.0,15.0,15.0
P303343,8.0,8.0,8.0,8.0,8.0,8.0,8.0,8.0,8.0,8.0,8.0,8.0
P303409,18.0,18.0,18.0,18.0,,,,,,,,
P303500,19.0,19.0,19.0,19.0,,,,,,,,
P304200,7.25,9.5,9.5,9.5,7.25,7.25,7.25,7.25,7.25,7.25,7.25,7.25
P304704,,19.0,19.0,19.0,19.0,19.0,19.0,19.0,19.0,19.0,19.0,19.0
P304833,12.0,12.0,12.0,12.0,12.0,12.0,12.0,12.0,12.0,12.0,12.0,12.0
P305114,15.0,15.0,15.0,15.0,15.0,15.0,15.0,15.0,15.0,15.0,15.0,15.0
P305131,19.5,19.5,19.5,19.5,19.5,19.5,,,,19.5,15.0,15.0
P305132,18.5,19.0,19.0,19.0,19.0,19.0,19.0,19.0,19.0,19.0,19.0,19.0
P305318,17.0,,,,,,,,,,,
P305408,10.0,10.0,10.0,10.0,,,,,,,,
P306302,18.0,18.0,18.0,18.0,,,,,18.0,,,
P306402,9.0,9.0,9.0,9.0,9.0,9.0,9.0,9.0,9.0,9.0,9.0,9.0
P306403,10.0,,,,,,,,,,,
P306405,12.0,12.0,,12.0,12.0,12.0,12.0,,12.0,12.0,12.0,12.0
P306529,17.0,17.0,17.0,17.0,17.0,17.0,17.0,17.0,17.0,17.0,17.0,17.0
P306534,9.5,9.5,9.5,9.5,9.5,9.5,9.5,9.5,9.5,9.5,9.5,9.5
P306535,9.5,9.5,9.5,9.5,9.5,9.5,9.5,9.5,9.5,7.25,7.25,7.25
P306600,18.0,18.0,18.0,18.0,18.0,18.0,18.0,18.0,18.0,18.0,18.0,18.0
P306601,18.0,,,,,,,,,,,
P306807,17.5,17.5,17.5,17.5,17.5,17.5,18.0,18.0,18.0,18.0,18.0,18.0
P306808,17.5,17.5,17.5,17.5,17.5,17.5,18.0,18.0,18.0,18.0,18.0,18.0
P306809,17.5,17.5,17.5,17.5,17.5,17.5,18.0,18.0,18.0,18.0,18.0,18.0
P306810,17.5,17.5,17.5,17.5,17.5,17.5,18.0,18.0,18.0,18.0,18.0,18.0
P306838,15.0,15.0,15.0,15.0,15.0,17.5,17.5,17.5,17.5,17.5,,
P306867,18.0,18.0,18.0,18.0,18.0,18.0,19.0,19.0,19.0,19.0,,
P306900,3.5,3.5,3.5,3.5,3.5,3.5,3.5,3.5,4.0,4.0,4.0,
P306905,16.0,16.0,16.0,16.0,16.0,16.0,16.0,16.0,16.0,16.0,16.0,16.0
P306907,18.0,18.0,18.0,18.0,18.0,18.0,18.0,18.0,18.0,18.0,18.0,18.0
P306937,14.0,14.0,14.0,14.0,14.0,14.0,14.0,14.0,14.0,14.0,14.0,14.0
P306939,10.0,10.0,10.0,,,,,,,,,
P307012,15.0,15.0,15.0,15.0,15.0,15.0,15.0,15.0,,15.0,15.0,
P307200,10.5,10.5,10.5,10.5,10.5,10.5,10.5,10.5,10.5,10.5,10.5,10.5
P307306,18.0,18.0,18.0,18.0,18.0,18.0,18.0,18.0,18.0,18.0,18.0,18.0
P307533,,12.0,12.0,,,,,,,,,
P307535,,8.0,8.0,,,,,,,16.0,,
P307536,,9.0,9.0,,,,,,,,,
P307537,,10.0,10.0,,,,,,,,,
P307538,,11.0,11.0,,,,,,,,,
P307539,,13.0,13.0,,,,,,,,,
P307540,,14.0,14.0,14.0,,,,,,,,
P307541,7.0,7.0,7.0,,7.0,,,,,7.0,,
P307543,,,,,,,,,,12.0,,
P307544,,,,,12.0,,,12.0,,12.0,,
P307545,14.0,14.0,,,14.0,,,,,14.0,,
P307546,,,,,12.0,,,,,12.0,,
P307550,,19.0,19.0,,,,,,,,,
P307557,,,,,,7.0,,,,,,
P307561,18.0,,,,,,,,,,,
P307567,,,,,12.0,,,,,12.0,,
P307589,19.0,19.0,19.0,19.0,19.0,19.0,19.0,19.0,19.0,19.0,19.0,19.0
P307700,19.0,19.0,19.0,19.0,19.0,19.0,19.0,19.0,19.0,,,
P307901,7.0,7.0,7.0,7.0,7.0,7.0,8.0,8.0,8.0,8.0,8.0,8.0
P307907,19.0,19.0,19.0,19.0,19.0,19.0,19.0,19.0,19.0,,,
P308006,9.5,9.5,9.5,9.5,,,,,,,,
P308007,16.0,12.0,12.0,12.0,12.0,12.0,12.0,12.0,15.0,15.0,15.0,15.0
P308008,19.0,,,,,,,,,,,
P308009,18.0,18.0,18.0,18.0,18.0,19.0,19.0,19.0,19.0,19.0,19.0,19.0
P308010,18.0,18.0,18.0,18.0,18.0,19.0,19.0,19.0,19.0,19.0,19.0,19.0
P308011,14.0,14.0,14.0,14.0,14.0,15.0,15.0,15.0,15.0,15.0,15.0,15.0
P308012,14.0,14.0,14.0,14.0,14.0,14.0,14.0,14.0,14.0,14.0,14.0,14.0
P308013,14.0,14.0,14.0,14.0,14.0,14.0,14.0,14.0,14.0,14.0,14.0,
P308014,14.0,14.0,14.0,14.0,14.0,14.0,14.0,,,,,
P308102,12.0,12.0,12.0,12.0,12.0,12.0,12.0,12.0,12.0,12.0,12.0,12.0
P308103,16.0,16.0,16.0,16.0,16.0,16.5,16.5,16.5,16.5,,,
P308106,18.0,18.0,18.0,18.0,18.0,18.0,18.0,18.0,18.0,18.0,,
P308118,10.0,10.0,10.0,,,,,,,,,
P308400,8.5,8.5,8.5,8.5,12.0,12.0,12.0,12.0,12.0,12.0,12.0,12.0
P308502,5.0,5.0,5.0,5.0,,5.0,,,,,,
P308604,18.0,18.0,18.0,18.0,18.0,18.0,18.0,,,,,
P308612,16.0,16.0,16.0,16.0,16.0,16.0,16.0,16.0,16.0,16.0,16.0,16.0
P308810,14.0,14.0,14.0,14.0,14.0,14.0,14.0,14.0,14.0,14.0,14.0,14.0
P308917,16.0,16.0,16.0,16.0,,,,,,,,
P308920,18.0,18.0,18.0,18.0,18.0,18.0,18.0,18.0,18.0,18.0,18.0,18.0
P308921,18.0,,,,,,,,,,,
P309131,,19.0,19.0,19.0,19.0,19.0,19.0,19.0,19.0,19.0,19.0,19.0
P309135,10.0,10.0,10.0,10.0,10.0,10.0,10.0,10.0,10.0,10.0,10.0,10.0
P309218,8.0,8.0,8.0,8.0,8.0,8.0,8.0,8.0,8.0,8.0,8.0,
P309317,10.0,10.0,10.0,10.0,10.0,10.0,10.0,10.0,10.0,10.0,10.0,10.0
P309320,14.0,14.0,14.0,14.0,14.0,14.0,14.0,14.0,14.0,14.0,14.0,14.0
P309322,15.0,15.0,15.0,15.0,15.0,15.0,15.0,15.0,15.0,15.0,15.0,15.0
P309338,18.0,18.0,18.0,18.0,18.0,18.0,18.0,18.0,18.0,18.0,18.0,18.0
P309405,16.0,16.0,16.0,16.0,16.0,16.0,16.0,16.0,16.0,16.0,16.0,16.0
P309813,18.0,18.0,18.0,18.0,18.0,18.0,18.0,18.0,18.0,18.0,18.0,18.0
P309910,,,,,,,,,,19.0,,
P309913,6.0,,,,,,,,,,,
P309925,,,,,,,,,17.0,17.0,17.0,17.0
P309927,,,,,,,,,19.0,19.0,19.0,19.0
P309928,,,19.0,19.0,,,,,,,,
P310015,19.0,19.0,19.0,19.0,19.0,19.0,19.0,19.0,19.0,19.0,19.0,19.0
P310020,19.0,19.0,19.0,19.0,19.0,19.0,,,19.0,19.0,19.0,19.0
P310205,10.0,10.0,10.0,10.0,10.0,10.0,10.0,10.0,10.0,10.0,10.0,10.0
P310206,16.0,16.0,16.0,16.0,16.0,16.0,16.0,16.0,16.0,16.0,16.0,16.0
P310305,,,,,8.0,,,,,,,
P310306,,,,,,,,,,14.5,14.5,
P310307,12.0,10.0,10.0,10.0,10.0,10.0,10.0,10.0,10.0,10.0,10.0,10.0
P310308,3.0,2.0,2.0,2.0,2.0,2.0,,,,,,
P310309,10.0,10.0,10.0,10.0,10.0,12.0,12.0,12.0,12.0,12.0,12.0,12.0
P310310,18.0,18.0,18.0,18.0,18.0,18.0,18.0,18.0,18.0,18.0,18.0,18.0
P310311,12.0,12.0,12.0,12.0,12.0,12.0,12.0,,,,,
P310312,13.0,13.0,13.0,13.0,13.0,13.0,13.0,13.0,13.0,13.0,,
P310315,18.0,18.0,18.0,18.0,18.0,18.0,18.0,18.0,18.0,18.0,,
P310406,,,,,,,,,,17.0,,
P310408,10.0,10.0,10.0,10.0,10.0,10.0,10.0,10.0,10.0,10.0,10.0,10.0
P310409,,,,,16.5,,,,,15.0,,
P310411,8.0,8.0,8.0,8.0,8.0,8.0,,,,8.0,,
P310413,14.0,12.0,7.5,10.0,7.5,7.5,7.5,7.5,7.5,7.5,7.5,14.0
P310414,,,,,,,,,19.0,19.0,19.0,
P310501,18.0,18.0,,18.0,,,,,,,,
P310603,16.5,16.5,16.5,16.5,16.5,16.5,16.5,16.5,16.5,16.5,16.5,16.5
P310605,16.5,16.5,16.5,16.5,16.5,16.5,16.5,16.5,16.5,16.5,16.5,
P310709,17.0,17.0,17.0,17.0,17.0,17.0,17.0,17.0,17.0,17.0,17.0,17.0
P310710,6.0,6.0,6.0,6.0,6.0,6.0,6.0,6.0,6.0,6.0,6.0,6.0
P310711,6.0,6.0,6.0,6.0,6.0,6.0,6.0,6.0,6.0,6.0,6.0,6.0
P310712,12.0,12.0,12.0,12.0,12.0,12.0,12.0,12.0,12.0,12.0,12.0,12.0
P310713,8.0,8.0,8.0,8.0,8.0,8.0,8.0,8.0,8.0,8.0,8.0,8.0
P310714,12.0,12.0,12.0,12.0,12.0,12.0,12.0,12.0,12.0,12.0,12.0,12.0
P310715,11.0,11.0,11.0,11.0,11.0,,,,11.0,11.0,11.0,11.0
P310717,17.0,17.0,17.0,17.0,17.0,17.0,17.0,17.0,17.0,17.0,17.0,17.0
P310718,19.0,19.0,19.0,19.0,19.0,19.0,19.0,19.0,19.0,19.0,19.0,19.0
P310720,16.0,16.0,16.0,16.0,16.0,16.0,16.0,16.0,16.0,16.0,16.0,16.0
P310721,9.0,9.0,,,,9.0,9.0,,,9.0,,
P310722,10.0,10.0,10.0,10.0,10.0,10.0,10.0,10.0,10.0,10.0,,
P310731,16.0,16.0,16.0,16.0,16.0,16.0,16.0,16.0,16.0,16.0,16.0,
P310732,16.0,16.0,16.0,16.0,16.0,,,,16.0,16.0,16.0,16.0
P310733,14.0,14.0,14.0,14.0,14.0,14.0,14.0,14.0,14.0,14.0,14.0,14.0
P310734,19.5,19.5,19.5,19.5,19.5,19.5,19.5,19.5,19.5,19.5,19.5,19.5
P310736,15.0,15.0,15.0,15.0,15.0,15.0,16.0,16.0,16.0,16.0,16.0,16.0
P310925,15.0,15.0,15.0,15.0,15.0,15.0,15.0,15.0,15.0,15.0,15.0,15.0
P311113,6.0,6.0,6.0,6.0,6.0,6.0,6.0,6.0,6.0,6.0,6.0,6.0
P311139,7.0,7.0,7.0,7.0,7.0,7.0,7.0,7.0,7.0,7.0,7.0,7.0
P311156,15.0,15.0,15.0,15.0,,,,,,,,
P311170,18.0,18.0,18.0,18.0,18.0,18.0,,,,,,
P311173,9.5,9.5,9.5,9.5,9.5,9.5,9.5,9.5,9.5,9.5,,
P311174,16.0,16.0,16.0,16.0,16.0,16.0,,,16.0,16.0,16.0,16.0
P311183,19.0,19.0,19.0,19.0,,,,,,,,
P311209,9.0,9.0,9.0,9.0,9.0,9.0,9.0,9.0,,9.0,,
P311212,12.0,12.0,12.0,12.0,,,,,,,,
P311503,15.0,15.0,15.0,15.0,,,,,,,,
P311504,12.0,12.0,,,,,,,,,,
P311806,16.0,16.0,16.0,16.0,16.0,,,,,,,
P311807,6.0,6.0,6.0,6.0,6.0,5.0,5.0,5.0,4.0,4.0,4.0,4.0
P311903,12.0,12.0,12.0,12.0,12.0,12.0,12.0,12.0,,,,
P311904,16.0,,,,16.0,16.0,16.0,,16.0,16.0,16.0,16.0
P312004,18.0,18.0,18.0,18.0,18.0,18.0,18.0,18.0,18.0,18.0,18.0,18.0
P312100,,,,,,14.5,14.5,,14.5,14.5,,
P312101,,,,,,,,,,15.0,,
P312102,15.0,15.0,15.0,15.0,15.0,,,,,15.0,,
P312109,19.0,19.0,19.0,19.0,19.0,19.0,19.0,19.0,19.0,19.0,19.0,19.0
P312110,9.5,9.5,9.5,9.5,9.5,9.5,9.5,9.5,9.5,9.5,9.5,9.5
P312111,9.5,9.5,9.5,9.5,9.5,9.5,9.5,9.5,9.5,9.5,9.5,9.5
P312113,16.0,16.0,16.0,16.0,16.0,16.0,16.0,16.0,16.0,16.0,16.0,16.0
P312204,16.0,16.0,16.0,16.0,,,,,,,,
P312205,16.0,16.0,16.0,16.0,16.0,16.5,16.5,16.5,16.5,16.5,16.5,16.5
P312206,16.0,16.0,16.0,16.0,16.0,16.5,16.5,16.5,16.5,16.5,16.5,16.5
P312207,10.0,10.0,10.0,10.0,10.0,10.0,10.0,10.0,,,,
P312208,10.0,10.0,10.0,10.0,10.0,10.0,10.0,,,,,
P312403,16.0,16.0,,16.0,,,,,,,,
P312500,12.0,12.0,12.0,12.0,12.0,12.0,12.0,12.0,12.0,12.0,12.0,12.0
P312902,9.0,9.0,9.0,9.0,9.0,9.0,9.0,9.0,9.0,9.0,9.0,9.0
P312903,,,,,,18.0,18.0,18.0,18.0,18.0,18.0,18.0
P312904,6.0,6.0,6.0,6.0,6.0,6.0,6.0,6.0,6.0,,,
P312905,10.0,10.0,10.0,10.0,10.0,10.0,10.0,10.0,10.0,10.0,10.0,10.0
P312908,12.0,12.0,12.0,12.0,12.0,12.0,12.0,12.0,12.0,12.0,12.0,12.0
P312909,14.0,14.0,14.0,14.0,,,,,,14.0,,
P312910,17.0,17.0,17.0,17.0,19.0,19.0,19.0,19.0,19.0,19.0,19.0,13.0
P312912,12.0,12.0,12.0,12.0,12.0,12.0,12.0,12.0,12.0,12.0,12.0,12.0
P312914,3.0,3.0,3.0,3.0,3.0,3.0,3.0,3.0,3.0,3.0,3.0,3.0
P312916,6.0,6.0,6.0,6.0,6.0,6.0,6.0,6.0,6.0,6.0,6.0,6.0
P313003,12.0,12.0,12.0,12.0,12.0,12.0,12.0,12.0,12.0,12.0,12.0,12.0
P313004,12.0,12.0,12.0,12.0,12.0,12.0,12.0,12.0,12.0,12.0,12.0,12.0
P313025,18.0,18.0,18.0,18.0,18.0,18.0,18.0,18.0,18.0,18.0,18.0,18.0
P313028,18.0,18.0,18.0,18.0,18.0,18.0,18.0,18.0,18.0,18.0,18.0,18.0
P313030,18.0,18.0,18.0,18.0,18.0,18.0,18.0,18.0,18.0,18.0,18.0,18.0
P313031,18.0,18.0,18.0,18.0,18.0,18.0,18.0,18.0,18.0,18.0,18.0,18.0
P313033,17.0,17.0,17.0,17.0,17.0,17.0,17.0,17.0,17.0,17.0,17.0,17.0
P313034,16.0,16.0,16.0,16.0,16.0,16.0,16.0,16.0,16.0,16.0,16.0,16.0
P313035,17.0,17.0,17.0,17.0,17.0,17.0,17.0,17.0,17.0,17.0,17.0,17.0
P313036,17.0,17.0,17.0,17.0,17.0,17.0,17.0,17.0,17.0,17.0,17.0,17.0
P313037,16.0,16.0,16.0,16.0,16.0,16.0,16.0,16.0,16.0,16.0,16.0,16.0
P313038,17.0,17.0,17.0,17.0,17.0,17.0,17.0,17.0,17.0,17.0,17.0,17.0
P313039,14.0,14.0,14.0,14.0,14.0,14.0,14.0,14.0,14.0,14.0,14.0,14.0
P313040,14.0,14.0,14.0,14.0,14.0,14.0,14.0,14.0,14.0,14.0,14.0,14.0
P313041,12.0,12.0,12.0,12.0,12.0,12.0,12.0,12.0,12.0,12.0,12.0,12.0
P34105,18.0,18.0,18.0,18.0,18.0,18.0,18.0,18.0,18.0,18.0,18.0,18.0
P34109,3.5,3.5,3.5,3.5,3.5,3.5,3.5,3.5,3.5,3.5,3.5,3.5
P35082,18.0,18.0,18.0,18.0,18.0,18.0,18.0,18.0,18.0,18.5,18.0,18.5
P35088,4.0,4.0,4.0,4.0,4.0,,,,,4.0,,
P35210,18.0,18.0,18.0,18.0,18.0,,,,,,,
P35600,11.0,11.0,11.0,11.0,11.0,11.0,11.0,11.0,,11.0,,
P36852,14.5,14.5,14.5,14.5,14.5,14.5,14.5,14.5,14.5,14.5,14.5,
P37330,8.0,8.0,8.0,8.0,8.0,8.0,8.0,,,,,
P373801,,,7.0,,,,,,,7.0,,
P374101,2.0,2.0,2.0,2.0,2.0,2.0,2.0,2.0,2.0,2.0,2.0,2.0
P374159,19.0,19.0,19.0,19.0,19.0,19.0,19.0,19.0,19.0,19.0,19.0,19.0
P374273,15.0,15.0,15.0,15.0,15.0,15.0,,,,15.0,,
P374303,12.0,12.0,12.0,12.0,,,,,,,,
P374512,7.0,7.0,7.0,7.0,7.0,7.0,7.0,7.0,7.0,7.0,7.0,7.0
P374524,,,10.0,10.0,10.0,10.0,10.0,10.0,10.0,10.0,10.0,10.0
P374538,16.5,16.5,16.5,16.5,16.5,16.5,16.5,16.5,16.5,16.5,16.5,16.5
P374540,16.5,16.5,16.5,16.5,16.5,16.5,16.5,16.5,16.5,16.5,16.5,16.5
P374544,16.5,16.5,16.5,16.5,16.5,16.5,16.5,16.5,16.5,16.5,16.5,16.5
P374551,19.0,19.0,19.0,19.0,19.0,19.0,19.0,19.0,19.0,19.0,19.0,19.0
P374552,12.0,12.0,12.0,12.0,12.0,12.0,12.0,12.0,12.0,12.0,12.0,12.0
P374559,14.0,14.0,14.0,14.0,,,,,14.0,14.0,,
P374561,,,,,,,,,,,,17.5
P374580,19.5,19.5,19.5,19.5,19.5,19.5,19.5,19.5,19.5,19.5,19.5,19.5
P374582,15.0,15.0,15.0,15.0,15.0,15.0,15.0,15.0,15.0,15.0,15.0,15.0
P374585,14.5,14.5,14.5,14.5,14.5,,,14.5,14.5,14.5,14.5,14.5
P374592,10.0,10.0,10.0,10.0,,,,,,10.0,,
P374602,15.0,15.0,15.0,15.0,,,,,,,,
P374705,19.0,19.0,19.0,19.0,19.0,19.0,19.0,19.0,19.0,19.0,19.0,19.0
P374808,17.5,17.5,17.5,17.5,17.5,17.5,17.5,17.5,17.5,17.5,17.5,17.5
P374810,12.0,12.0,12.0,12.0,12.0,12.0,12.0,12.0,12.0,12.0,12.0,12.0
P374811,18.0,18.0,18.0,18.0,18.0,18.0,18.0,18.0,18.0,18.0,18.0,18.0
P374812,17.5,17.5,17.5,17.5,17.5,17.5,17.5,17.5,17.5,17.5,17.5,17.5
P374813,17.5,17.5,17.5,17.5,17.5,17.5,17.5,17.5,17.5,17.5,17.5,17.5
P374826,15.0,15.0,15.0,15.0,15.0,15.0,15.0,15.0,15.0,15.0,15.0,15.0
P374832,18.0,18.0,18.0,18.0,18.0,18.0,18.0,,,,,
P374843,16.0,,,,,,,,,,,
P374845,15.0,15.0,15.0,15.0,,,,,,,,
P374905,12.0,12.0,12.0,12.0,12.0,12.0,12.0,12.0,12.0,12.0,12.0,12.0
P374906,15.0,15.0,15.0,15.0,15.0,15.0,15.0,15.0,15.0,15.0,15.0,15.0
P374907,10.0,10.0,10.0,10.0,10.0,10.0,10.0,10.0,10.0,10.0,10.0,10.0
P374908,0.8,0.8,0.8,0.8,0.8,0.8,1.0,1.0,1.0,1.0,1.0,1.0
P374909,7.0,7.0,7.0,7.0,7.0,7.0,7.0,7.0,7.0,7.0,7.0,7.0
P374910,3.0,3.0,3.0,3.0,3.0,3.0,3.0,3.0,3.0,3.0,3.0,3.0
P374911,7.0,7.0,7.0,7.0,7.0,7.0,7.0,7.0,7.0,7.0,7.0,7.0
P374912,7.0,7.0,7.0,7.0,7.0,7.0,7.0,7.0,7.0,7.0,7.0,7.0
P374938,12.0,12.0,12.0,12.0,12.0,12.0,12.0,12.0,12.0,12.0,12.0,12.0
P374947,15.0,15.0,15.0,15.0,15.0,15.0,15.0,15.0,15.0,15.0,15.0,15.0
P375001,12.0,12.0,12.0,12.0,12.0,12.0,12.0,12.0,12.0,12.0,12.0,12.0
P375105,9.5,9.5,9.5,9.5,9.5,,,,,,,
P375108,16.0,16.0,16.0,16.0,16.0,16.0,16.0,16.0,16.0,16.0,16.0,16.0
P375109,9.5,9.5,9.5,9.5,9.5,9.5,9.5,9.5,9.5,9.5,9.5,9.5
P375110,19.0,19.0,19.0,19.0,19.0,19.0,19.0,19.0,19.0,19.0,19.0,19.0
P375137,16.0,16.0,16.0,16.0,,,,,,,,
P375139,16.0,16.0,16.0,10.0,,,,,,,,
P375143,,,18.0,18.0,18.0,18.0,18.0,18.0,18.0,18.0,18.0,18.0
P375155,,,12.0,12.0,12.0,12.0,12.0,12.0,,12.0,,
P375162,16.0,16.0,16.0,10.0,10.0,10.0,10.0,10.0,10.0,10.0,,
P375163,16.0,16.0,16.0,10.0,10.0,10.0,10.0,10.0,10.0,10.0,10.0,10.0
P375164,16.0,16.0,16.0,10.0,10.0,10.0,10.0,10.0,10.0,10.0,10.0,10.0
P375165,16.0,16.0,16.0,10.0,10.0,10.0,10.0,10.0,10.0,10.0,10.0,10.0
P375205,12.0,12.0,12.0,12.0,,,,,,,,
P375265,19.0,19.0,19.0,19.0,19.0,19.0,19.0,19.0,19.0,19.0,19.0,19.0
P375266,19.0,19.0,19.0,,,,,,,,,
P375271,10.0,10.0,10.0,10.0,10.0,10.0,10.0,10.0,10.0,10.0,10.0,10.0
P375272,10.5,10.5,10.5,10.5,10.5,10.5,10.5,10.5,10.5,10.5,10.5,10.5
P375294,19.0,19.0,19.0,19.0,19.0,19.0,19.0,19.0,19.0,19.0,19.0,19.0
P375315,,10.0,10.0,10.0,10.0,10.0,10.0,10.0,10.0,10.0,10.0,10.0
P375340,17.0,17.0,17.0,17.0,17.0,17.0,17.0,17.0,17.0,17.0,17.0,17.0
P375348,16.0,16.0,16.0,16.0,,,,,,,,
P375350,10.0,10.0,10.0,10.0,,,,,,,,
P375359,18.0,,,10.0,10.0,10.0,10.0,10.0,,18.0,,
P375366,15.0,15.0,15.0,15.0,15.0,15.0,15.0,15.0,15.0,15.0,15.0,
P375367,18.0,18.0,18.0,18.0,18.0,18.0,18.0,18.0,18.0,18.0,18.0,18.0
P375368,18.0,18.0,18.0,18.0,18.0,18.0,18.0,18.0,18.0,18.0,18.0,18.0
P375370,14.0,14.0,14.0,,,,,,,,,
P375371,18.0,18.0,18.0,18.0,18.0,18.0,18.0,18.0,18.0,18.0,18.0,18.0
P375380,10.0,10.0,10.0,10.0,10.0,10.0,10.0,10.0,10.0,10.0,10.0,10.0
P375397,16.0,16.0,16.0,16.0,16.0,,,16.0,,5.0,,
P375399,8.0,8.0,8.0,8.0,8.0,8.0,8.0,8.0,8.0,8.0,8.0,8.0
P375407,16.0,16.0,16.0,16.0,16.0,16.0,16.0,16.0,16.0,16.0,16.0,16.0
P375444,16.0,16.0,16.0,16.0,16.0,16.0,16.0,,,,,
P375445,16.0,16.0,16.0,16.0,16.0,16.0,16.0,,,,,
P375461,19.0,19.0,19.0,19.0,19.0,19.0,19.0,19.0,19.0,19.0,19.0,19.0
P375506,7.0,7.0,7.0,7.0,7.0,7.0,7.0,7.0,7.0,7.0,7.0,7.0
P375509,15.0,15.0,15.0,15.0,15.0,15.0,15.0,15.0,10.0,15.0,15.0,15.0
P375510,18.0,18.0,18.0,18.0,18.0,18.0,18.0,18.0,18.0,18.0,18.0,18.0
P375625,19.0,19.0,19.0,19.0,19.0,19.0,19.0,19.0,19.0,19.0,19.0,19.0
P375641,15.0,15.0,15.0,15.0,15.0,15.0,15.0,15.0,15.0,15.0,15.0,15.0
P375642,5.0,5.0,5.0,,,,,,,,,
P375644,,18.0,,,,,,,,,,
P375645,,,14.0,14.0,14.0,14.0,14.0,,,,,
P375646,,9.0,5.0,5.0,5.0,,,,5.0,,,
P375647,,14.0,7.0,,,,,,,14.0,,
P375650,14.0,12.5,12.5,12.5,12.5,14.0,14.0,14.0,17.0,17.0,17.0,17.0
P375668,,,,,,,,,16.0,16.0,16.0,16.0
P375703,,,,,,,,15.0,15.0,15.0,15.0,15.0
P375719,15.0,,,,,,,,,,,
P375727,,,17.0,17.0,17.0,17.0,,,,,,
P375728,,,13.0,13.0,13.0,13.0,13.0,13.0,,,,
P375729,,,15.0,15.0,15.0,,,,,,,
P375755,12.0,12.0,12.0,10.0,10.0,10.0,10.0,10.0,,10.0,,
P375767,15.0,15.0,15.0,,,,,,,,,
P375833,16.0,16.0,16.0,16.0,16.0,16.0,16.0,16.0,16.0,16.0,16.0,16.0
P375902,16.0,16.0,16.0,16.0,16.0,16.0,16.0,16.0,16.0,16.0,16.0,16.0
P375903,19.5,19.5,19.5,19.5,19.5,19.5,19.5,19.5,19.5,19.5,19.5,19.5
P375904,14.0,14.0,14.0,,,,,,14.0,14.0,14.0,14.0
P375919,,19.0,19.0,19.0,19.0,19.0,19.0,19.0,19.0,19.0,19.0,19.0
P375921,,12.0,12.0,12.0,12.0,12.0,12.0,,,,,
P375926,,,,,,,,,,13.0,,
P375927,,,,,,,,,,13.0,,
P375945,,,12.0,12.0,12.0,12.0,12.0,12.0,12.0,12.0,,
P375952,16.0,16.0,16.0,16.0,16.0,16.0,18.0,,,,,
P376007,,,,,,,,,,17.0,17.0,17.0
P376010,,15.0,15.0,15.0,15.0,15.0,15.0,15.0,15.0,15.0,15.0,15.0
P376018,,16.0,16.0,16.0,16.0,16.0,16.0,,,,,
P376021,,16.0,16.0,16.0,16.0,16.0,16.0,16.0,16.0,16.0,16.0,16.0
P376028,,,,10.0,,10.0,,,,10.0,,
P376033,,16.0,16.0,16.0,16.0,,,,,16.0,,
P376034,,15.0,15.0,15.0,,15.0,,,,15.0,,
P376037,,6.0,6.0,6.0,,,,6.0,,6.0,,
P376039,,5.0,5.0,5.0,5.0,,,5.0,,5.0,,
P376040,,8.0,8.0,8.0,8.0,5.0,5.0,5.0,5.0,5.0,5.0,5.0
P376044,,16.0,16.0,16.0,,,,,,,,
P376045,,,,15.0,15.0,,,,,15.0,,
P376046,,,15.0,,15.0,15.0,15.0,15.0,15.0,15.0,,
P376047,,,,,18.0,,,,,18.0,,
P376048,,8.0,8.0,8.0,8.0,5.0,5.0,8.0,8.0,8.0,8.0,8.0
P376049,,10.0,10.0,10.0,10.0,10.0,,,,,,
P376051,,5.0,5.0,5.0,5.0,5.0,5.0,5.0,5.0,5.0,5.0,5.0
P376081,,18.0,18.0,18.0,18.0,18.0,18.0,18.0,18.0,18.0,18.0,18.0
P376089,,,,,,,,,,10.0,,
P376098,,18.0,18.0,18.0,18.0,18.0,18.0,18.0,18.0,18.0,18.0,18.0
P376126,,18.0,,18.0,18.0,18.0,18.0,18.0,,18.0,,
P376163,,12.0,12.0,12.0,12.0,12.0,,12.0,,,,
P376164,,11.0,11.0,11.0,11.0,11.0,8.0,8.0,,11.0,,
P376166,,12.0,12.0,12.0,12.0,12.0,12.0,12.0,,,,
P376169,,,18.0,18.0,18.0,18.0,18.0,18.0,,18.0,,18.0
P376189,,12.0,12.0,12.0,12.0,12.0,12.0,12.0,12.0,,12.0,12.0
P376190,,15.0,15.0,15.0,15.0,17.0,17.0,17.0,17.0,17.0,17.0,17.0
P376191,,,15.0,15.0,15.0,,,,,,,
P376192,,,15.0,15.0,,,,,,,,
P376193,,,16.0,16.0,16.0,16.0,16.0,16.0,,16.0,,
P376194,,,14.0,14.0,14.0,14.0,,,,14.0,,
P376195,,,14.0,14.0,,,,,,14.0,,
P376198,,12.0,12.0,12.0,,,,,,,,
P376209,,16.0,16.0,16.0,,,,,,,,
P37621,6.0,,,,6.0,,,,,,,
P376212,,14.0,14.0,14.0,14.0,14.0,14.0,14.0,14.0,14.0,14.0,14.0
P376216,,5.0,5.0,5.0,,,,,,5.0,,
P376234,,12.0,12.0,12.0,,,,,,,,
P376235,,12.0,12.0,12.0,,,,,,,,
P376240,,,11.0,,,,,,,,,
P376243,,14.5,14.5,14.5,14.5,14.5,14.5,14.5,14.5,14.5,14.5,14.5
P376244,,14.5,14.5,14.5,14.5,14.5,14.5,14.5,14.5,14.5,14.5,14.5
P376292,,18.0,18.0,18.0,18.0,18.0,18.0,18.0,18.0,18.0,18.0,18.0
P376298,,16.0,16.0,16.0,,,,,,,,
P376300,,,,15.0,15.0,15.0,15.0,15.0,15.0,15.0,17.0,17.0
P376403,,18.0,18.0,18.0,18.0,18.0,18.0,18.0,18.0,18.0,,
P376410,,18.5,18.5,18.5,18.5,,,,,18.5,,
P376413,,16.0,16.0,16.0,,,,,,,,
P376423,,16.0,16.0,16.0,,,,,,16.0,,
P376426,,16.0,16.0,16.0,,,,,,,,
P376427,,,,,10.0,10.0,,,,10.0,,
P376433,,13.0,13.0,13.0,13.0,13.0,13.0,13.0,13.0,13.0,13.0,14.0
P376454,,,19.5,19.5,,,,,,,,
P376458,,19.0,19.0,19.0,19.0,19.0,19.0,19.0,19.0,19.0,19.0,19.0
P376465,,9.0,9.0,9.0,9.0,9.0,9.0,9.0,9.0,9.0,9.0,9.0
P376470,,,,,,,16.0,16.0,16.0,16.0,16.0,16.0
P376471,,10.0,10.0,10.0,,10.0,,10.0,,,,
P376472,,,,,,,,,,,10.0,10.0
P376506,,16.0,16.0,16.0,16.0,16.0,18.0,18.0,18.0,18.0,18.0,18.0
P376611,,18.0,9.0,9.0,9.0,9.0,9.0,9.0,9.0,9.0,9.0,9.0
P376613,,16.0,16.0,16.0,,,,,,,,
P376624,,15.0,15.0,15.0,,,,,,,,
P376625,,,15.0,15.0,,,,,,,,
P376629,,,15.0,15.0,,,,,,,,
P376632,,18.0,18.0,18.0,18.0,18.0,18.0,18.0,18.0,18.0,18.0,18.0
P376637,,,8.0,8.0,,,,,,,,
P376642,,16.0,16.0,16.0,16.0,,,,,,,
P376647,,19.0,19.0,19.0,,19.0,19.0,19.0,19.0,19.0,19.0,19.0
P376648,,18.0,18.0,18.0,18.0,18.0,18.0,18.0,18.0,,,
P376733,,16.5,16.5,,,,,,,,,
P376735,,,,10.0,10.0,10.0,10.0,10.0,,10.0,,
P376739,,,14.5,14.5,,,,,,,,
P376757,,16.0,16.0,16.0,,,,,,,,
P376758,,16.0,16.0,16.0,,,,,,,,
P376759,,10.0,10.0,10.0,,,,,,,,
P376760,,10.0,10.0,10.0,,,,,,,,
P376769,,,8.0,8.0,,,,,,8.0,,
P376806,,18.0,18.0,18.0,,,,,,,,
P376809,,,,,,,,,,10.0,,
P376836,,9.5,9.5,9.5,9.5,9.5,9.5,9.5,9.5,,,
P376845,,12.0,12.0,,,,,,,,,
P376848,,18.0,18.0,18.0,18.0,18.0,18.0,18.0,18.0,18.0,18.0,18.0
P376854,,10.0,16.0,16.0,,,,,,16.0,,
P376856,,15.0,15.0,15.0,15.0,15.0,15.0,15.0,15.0,15.0,,
P376861,,18.0,18.0,18.0,18.0,18.0,18.0,18.0,18.0,18.0,18.0,18.0
P376863,,18.0,18.0,18.0,18.0,18.0,18.0,18.0,18.0,18.0,18.0,18.0
P376885,,,10.0,,10.0,10.0,10.0,10.0,10.0,10.0,10.0,10.0
P376894,,,,,,,,,,15.0,15.0,15.0
P376967,,,19.0,19.0,19.0,19.0,19.0,19.0,19.0,19.0,19.0,19.0
P376974,,,18.0,18.0,18.0,18.0,18.0,18.0,18.0,18.0,18.0,18.0
P377008,,,18.0,18.0,18.0,18.0,18.0,18.0,18.0,18.0,18.0,18.0
P377010,,,15.0,15.0,15.0,15.0,15.0,15.0,15.0,15.0,15.0,15.0
P377013,,,18.0,18.0,,,,,,,18.0,18.0
P377021,,,16.0,16.0,16.0,16.0,16.0,,,,,
P377047,,,,18.0,18.0,,,,18.0,18.0,,
P377106,,,,,,,16.0,16.0,17.0,17.0,17.0,17.0
P377109,,,,10.0,10.0,10.0,10.0,10.0,,10.0,,
P377111,,,,,18.0,18.0,18.0,18.0,,,,
P377114,,,,,8.0,8.0,8.0,8.0,8.0,8.0,8.0,8.0
P377115,,,,,15.0,15.0,15.0,15.0,,,,
P377116,,,,,5.0,5.0,5.0,5.5,4.5,6.0,6.0,6.0
P377117,,,,,16.0,16.0,16.0,16.0,,,,
P377118,,,,,6.0,6.0,6.0,6.0,6.0,6.0,6.0,6.0
P377119,,,,,18.0,18.0,18.0,18.0,,,,
P377120,,,,,,1.5,1.5,1.5,1.5,1.5,1.5,1.5
P377127,,,,19.0,19.0,19.0,19.0,19.0,19.0,19.0,19.0,19.0
P377131,,,10.0,10.0,,,10.0,,,,,
P377193,,,,,16.0,16.0,16.0,16.0,16.0,16.0,,
P377195,,,,,,14.0,14.0,,,,,
P377196,,,,,,8.0,8.0,8.0,8.0,8.0,8.0,8.0
P377197,,,,,,10.0,10.0,10.0,10.0,,,
P377198,,,,,,17.0,17.0,17.0,17.0,17.0,17.0,17.0
P377199,,,,,,14.0,14.0,14.0,14.0,14.0,,
P377201,,,,,6.0,6.0,6.0,6.0,6.0,6.0,6.0,6.0
P377203,,,,,12.0,12.0,12.0,12.0,12.0,12.0,12.0,12.0
P377204,,,,12.0,,,,,,,,
P377218,,,,16.0,16.0,16.0,16.0,16.0,16.0,16.0,16.0,16.0
P377219,,,,,16.0,16.0,16.0,16.0,16.0,16.0,16.0,16.0
P377220,,,,8.0,,,,,,8.0,,
P377256,,,,,,16.0,16.0,16.0,16.0,16.0,16.0,16.0
P377258,,,,,,12.0,12.0,12.0,12.0,12.0,12.0,
P377270,,,,10.0,10.0,10.0,10.0,10.0,,10.0,,
P377278,,,,,,,,16.0,16.0,16.0,16.0,16.0
P377280,,,,9.5,9.5,9.5,9.5,9.5,9.5,9.5,9.5,9.5
P377281,,,,9.5,9.5,9.5,9.5,9.5,9.5,9.5,9.5,9.5
P377282,,,,11.5,11.5,11.5,11.5,11.5,11.5,11.5,11.5,11.5
P377283,,,,11.5,11.5,11.5,11.5,11.5,11.5,11.5,11.5,11.5
P377284,,,,11.5,11.5,11.5,11.5,11.5,11.5,11.5,11.5,11.5
P377285,,,,11.5,11.5,11.5,11.5,11.5,11.5,11.5,11.5,11.5
P377286,,,,9.5,9.5,9.5,9.5,9.5,9.5,9.5,9.5,9.5
P377287,,,,9.5,9.5,9.5,9.5,9.5,9.5,9.5,9.5,9.5
P377288,,,,9.5,9.5,9.5,9.5,9.5,9.5,9.5,9.5,9.5
P377289,,,,10.5,10.5,10.5,10.5,10.5,10.5,10.5,10.5,10.5
P377290,,,,9.5,9.5,9.5,9.5,9.5,9.5,9.5,9.5,9.5
P377291,,,,10.5,10.5,10.5,10.5,10.5,10.5,10.5,10.5,10.5
P377296,,,,,,13.0,13.0,13.0,13.0,13.0,13.0,13.0
P377327,,,,,17.0,16.5,16.5,16.5,16.5,,,
P377328,,,,,16.0,16.5,16.5,16.5,16.5,,,
P377335,,,,10.0,10.0,10.0,18.5,18.0,,19.0,,
P377348,,,,,,15.0,15.0,15.0,15.0,15.0,15.0,15.0
P377349,,,,,12.0,12.0,12.0,12.0,12.0,12.0,12.0,12.0
P377350,,,,,12.0,12.0,12.0,12.0,12.0,12.0,12.0,12.0
P377351,,,,,19.0,19.0,19.0,19.0,19.0,19.0,19.0,19.0
P377352,,,,,,,12.0,12.0,12.0,12.0,12.0,12.0
P377372,,,,,,,,,10.0,10.0,10.0,10.0
P377373,,,,,,13.0,13.0,13.0,13.0,13.0,13.0,13.0
P377374,,,,,7.0,7.0,7.0,7.0,7.0,7.0,,
P377375,,,,,10.0,10.0,10.0,10.0,10.0,10.0,10.0,10.0
P377380,,,,,14.0,14.0,14.0,14.0,14.0,14.0,14.0,14.0
P377381,,,,,10.0,10.0,10.0,10.0,10.0,10.0,10.0,
P377382,,,,,,10.0,10.0,10.0,10.0,10.0,10.0,
P377383,,,,,,,10.0,10.0,10.0,10.0,10.0,10.0
P377389,,,,,,,,15.0,15.0,15.0,15.0,15.0
P377390,,,,10.0,,,,,,,,
P377402,,,,,18.0,18.0,18.0,18.0,18.0,18.0,18.0,18.0
P377408,,,,,14.0,14.0,14.0,14.0,14.0,14.0,14.0,14.0
P377409,,,,,14.0,14.0,14.0,14.0,14.0,14.0,14.0,14.0
P377411,,,,,14.0,14.0,14.0,14.0,14.0,14.0,14.0,14.0
P377412,,,,,10.0,10.0,10.0,10.0,10.0,10.0,10.0,10.0
P377413,,,,,16.0,16.0,18.0,18.0,18.0,18.0,18.0,18.0
P377419,,,,,19.0,19.0,19.0,19.0,19.0,19.0,19.0,19.0
P377429,,,,,19.0,19.0,19.0,19.0,19.0,,,
P377440,,,,,18.0,,,,,,,
P377442,,,,,15.0,15.0,15.0,15.0,15.0,15.0,15.0,15.0
P377447,,,,18.0,18.0,18.0,18.0,18.0,18.0,18.0,18.0,18.0
P377449,,,,19.0,19.0,19.0,19.0,19.0,19.0,19.0,19.0,19.0
P377450,,,,19.0,19.0,19.0,19.0,19.0,,,,
P377451,,,,19.0,19.0,19.0,19.0,19.0,19.0,19.0,19.0,19.0
P377452,,,,19.0,19.0,19.0,19.0,19.0,19.0,19.0,19.0,19.0
P377453,,,,19.0,19.0,19.0,19.0,19.0,19.0,19.0,19.0,19.0
P377461,,,,18.0,18.0,18.0,18.0,18.0,18.0,18.0,18.0,18.0
P377463,,,,19.0,19.0,19.0,19.0,19.0,,,,
P377466,,,,19.0,19.0,19.0,19.0,19.0,19.0,19.0,19.0,19.0
P377478,,,,18.0,18.0,18.0,18.0,,,,18.0,18.0
P377479,,,,19.0,19.0,19.0,19.0,19.0,,,,
P377498,,,,18.0,18.0,18.0,18.0,,,,,
P377500,,,,18.0,18.0,18.0,18.0,18.0,18.0,18.0,18.0,18.0
P377501,,,,19.0,19.0,19.0,19.0,19.0,19.0,19.0,19.0,19.0
P377505,,,,18.0,,,,,,,,
P377506,,,,18.0,18.0,18.0,18.0,18.0,18.0,18.0,18.0,18.0
P377508,,,,18.0,18.0,18.0,18.0,18.0,18.0,18.0,18.0,18.0
P377509,,,,19.0,19.0,19.0,19.0,19.0,19.0,19.0,19.0,
P377514,,,,18.0,18.0,18.0,13.0,13.0,,,,
P377515,,,,18.0,18.0,18.0,18.0,18.0,,18.0,18.0,18.0
P377516,,,,19.0,19.0,19.0,19.0,19.0,19.0,19.0,19.0,19.0
P377517,,,,19.0,19.0,19.0,19.0,19.0,19.0,19.0,19.0,19.0
P377519,,,,19.0,19.0,19.0,19.0,19.0,,,,
P377520,,,,18.0,18.0,18.0,18.0,18.0,18.0,18.0,,
P377521,,,,18.0,18.0,18.0,18.0,18.0,18.0,18.0,,
P377524,,,,,15.0,15.0,15.0,15.0,15.0,15.0,15.0,
P377525,,,,,16.0,16.0,16.0,12.0,12.0,12.0,12.0,12.0
P377526,,,,,16.0,16.0,16.0,12.0,12.0,12.0,12.0,12.0
P377527,,,,,16.0,16.0,16.0,12.0,12.0,12.0,12.0,12.0
P377529,,,,,,14.0,14.0,14.0,14.0,,14.0,
P377530,,,,,8.0,8.5,8.5,8.5,8.5,8.5,8.5,8.5
P377536,,,,,15.0,15.0,15.0,15.0,15.0,15.0,,
P377544,,,,,12.0,12.0,12.0,12.0,12.0,12.0,,
P377579,,,,,,19.0,19.0,19.0,,,,
P377583,,,,,16.0,16.0,16.0,17.0,,17.0,,
P377658,,,,,,14.0,14.0,14.0,14.0,14.0,,
P377660,,,,,,16.0,16.0,12.0,12.0,12.0,12.0,12.0
P377661,,,,,,,,,15.0,,,
P377675,,,,,,8.0,8.0,14.0,14.0,14.0,14.0,14.0
P377676,,,,,,8.0,8.0,14.0,,14.0,14.0,14.0
P377677,,,,,,8.0,8.0,8.0,14.0,14.0,14.0,14.0
P377682,,,,,,,18.0,,,,,
P377683,,,,,,,18.0,18.0,18.0,,,18.0
P377684,,,,,,,10.0,10.0,,,,
P377687,,,,,,,16.0,16.0,,,,
P377688,,,,,,,14.0,14.0,14.0,,,
P377691,,,,,,,17.0,17.0,17.0,,,
P377693,,,,,,,17.0,17.0,,17.0,,
P377694,,,,,,,18.0,18.0,,,,
P377695,,,,,,,18.0,,,,,
P377696,,,,,,,18.0,18.0,,,,
P377697,,,,,,,10.0,,,,,
P377707,,,,,,19.0,19.0,19.0,19.0,19.0,19.0,19.0
P377711,,,,,19.0,19.0,19.0,19.0,19.0,19.0,19.0,19.0
P377725,,,,,,15.0,15.0,15.0,15.0,15.0,15.0,15.0
P377734,,,,,,10.0,10.0,10.0,10.0,10.0,10.0,10.0
P377736,,,,,10.0,10.0,10.0,10.0,10.0,10.0,10.0,10.0
P377738,,,,,10.0,10.0,10.0,10.0,10.0,10.0,10.0,10.0
P377741,,,,,,,12.0,12.0,12.0,,,
P377743,,,,,,,10.0,10.0,10.0,,,
P377771,,,,,,,,,,12.0,12.0,12.0
P377773,,,,,,,,,15.0,15.0,,
P377784,,,,,,,,,9.0,9.0,9.0,9.0
P377785,,,,,,,,,9.0,9.0,9.0,9.0
P377786,,,,,,,,,15.0,15.0,15.0,15.0
P377787,,,,,,,,,7.0,7.0,7.0,7.0
P377802,,,,,18.0,18.0,,,,,,
P377813,,,,,,,16.0,16.0,16.0,16.0,16.0,16.0
P377902,,,,,,18.0,18.0,18.0,18.0,18.0,18.0,18.0
P377905,,,,,,,,8.0,8.0,8.0,8.0,8.0
P377906,,,,,,,,7.0,7.0,7.0,7.0,
P377907,,,,,,,,,,18.0,18.0,18.0
P377909,,,,,,,,,18.0,18.0,18.0,18.0
P377913,,,,,,,,,4.0,4.0,4.0,4.0
P378004,,,,,,,12.0,12.0,12.0,,,
P378006,,,,,,,18.0,18.0,18.0,18.0,18.0,18.0
P378007,,,,,,,18.0,18.0,18.0,18.0,18.0,18.0
P378008,,,,,,,18.0,18.0,18.0,18.0,18.0,18.0
P378009,,,,,,,18.0,18.0,18.0,18.0,18.0,18.0
P378011,,,,,,10.0,10.0,10.0,10.0,10.0,10.0,10.0
P378025,,,,,,,18.0,18.0,18.0,18.0,18.0,18.0
P378027,,,,,,,14.0,14.0,14.0,14.0,14.0,14.0
P378028,,,,,,,14.0,14.0,14.0,14.0,14.0,14.0
P378032,,,,,,,,,12.0,12.0,12.0,
P378033,,,,,,,,,12.0,,12.0,12.0
P378034,,,,,,,,,12.0,12.0,12.0,12.0
P378035,,,,,,,,,18.0,18.0,18.0,18.0
P378037,,,,,,,,,11.0,11.0,11.0,
P378039,,,,,,,,,12.0,12.0,12.0,12.0
P378041,,,,,,,,,9.0,9.0,9.0,9.0
P378048,,,,,,,18.0,18.0,18.0,18.0,18.0,18.0
P378054,,,,,,,,18.0,18.0,18.0,18.0,18.0
P378055,,,,,,,,18.0,18.0,18.0,18.0,18.0
P378056,,,,,,,,18.0,18.0,18.0,18.0,18.0
P378057,,,,,,,,18.0,18.0,18.0,18.0,18.0
P378059,,,,,,,19.0,19.0,19.0,19.0,19.0,19.0
P378061,,,,,,14.0,14.0,14.0,14.0,14.0,14.0,14.0
P378116,,,,,,,16.5,16.5,16.5,,,
P378117,,,,,,,16.5,16.5,16.5,16.5,,
P378135,,,,,,,17.0,17.0,17.0,,,
P378140,,,,,,,15.0,15.0,15.0,15.0,15.0,15.0
P378144,,,,,,,12.0,12.0,12.0,12.0,12.0,12.0
P378162,,,,,,,16.0,16.0,16.0,16.0,16.0,16.0
P378163,,,,,,,15.0,15.0,15.0,15.0,15.0,15.0
P378168,,,,,,,15.0,15.0,15.0,15.0,15.0,15.0
P378187,,,,,,,12.0,12.0,,,,
P378207,,,,,,,10.0,10.0,10.0,10.0,10.0,
P378208,,,,,,,18.0,18.0,18.0,18.0,18.0,18.0
P378209,,,,,,,10.0,10.0,10.0,10.0,10.0,10.0
P378220,,,,,,,8.0,8.0,8.0,8.0,8.0,8.0
P378221,,,,,,,8.0,8.0,8.0,8.0,8.0,8.0
P378224,,,,,,,,6.0,6.0,6.0,6.0,6.0
P378226,,,,,,,,,14.0,14.0,14.0,14.0
P378258,,,,,,,,,10.0,10.0,10.0,10.0
P378259,,,,,,,,,12.0,12.0,12.0,12.0
P378278,,,,,,,9.5,9.5,9.5,9.5,9.5,9.5
P378293,,,,,,,,18.0,18.0,18.0,18.0,18.0
P378295,,,,,,,19.0,19.0,19.0,19.0,19.0,19.0
P378296,,,,,,,19.0,19.0,19.0,19.0,19.0,19.0
P378316,,,,,,,19.0,19.0,19.0,19.0,19.0,19.0
P378317,,,,,,,12.0,12.0,12.0,12.0,12.0,12.0
P378318,,,,,,,17.0,17.0,17.0,17.0,17.0,17.0
P378321,,,,,,,13.5,13.5,13.5,13.5,13.5,13.5
P378322,,,,,,,19.0,19.0,19.0,19.0,19.0,19.0
P378323,,,,,,,13.5,13.5,13.5,13.5,13.5,13.5
P378325,,,,,,,14.5,14.5,14.5,14.5,14.5,14.5
P378326,,,,,,,,13.5,,,,
P378327,,,,,,,13.5,13.5,13.5,13.5,13.5,13.5
P378332,,,,,,,13.5,13.5,13.5,13.5,13.5,13.5
P378342,,,,,,,,,15.0,15.0,15.0,15.0
P378349,,,,,,,,10.0,10.0,10.0,,
P378352,,,,,,,,18.0,18.0,18.0,18.0,18.0
P378355,,,,,,,,,,15.0,15.0,15.0
P378362,,,,,,,,14.0,14.0,14.0,14.0,14.0
P378372,,,,,,,,18.0,18.0,18.0,18.0,18.0
P378377,,,,,,,,12.0,12.0,12.0,12.0,12.0
P378379,,,,,,,,16.0,16.0,16.0,16.0,16.0
P378388,,,,,,,,9.5,9.5,9.5,9.5,9.5
P378389,,,,,,,,16.5,16.5,16.5,16.5,16.5
P378390,,,,,,,,10.0,10.0,10.0,10.0,10.0
P378391,,,,,,,,10.0,10.0,10.0,10.0,10.0
P378603,,,,,,,,13.0,13.0,13.0,13.0,13.0
P378615,,,,,,,,10.0,10.0,10.0,10.0,10.0
P378654,,,,,,,,12.0,12.0,12.0,12.0,12.0
P378681,,,,,,,19.0,19.0,19.0,19.0,19.0,
P378686,,,,,,,,8.0,8.0,8.0,8.0,8.0
P378692,,,,,,,,16.5,16.5,16.5,16.5,16.5
P378703,,,,,,,,19.0,19.0,,,
P378719,,,,,,,,16.0,16.0,16.0,16.0,16.0
P378726,,,,,,,,,18.0,18.0,18.0,18.0
P378833,,,,,,,,5.0,5.0,5.0,5.0,5.0
P378899,,,,,,,,19.0,19.0,19.0,19.0,19.0
P378901,,,,,,,,,,15.0,15.0,15.0
P378902,,,,,,,,,,16.0,16.0,16.0
P378906,,,,,,,,,19.0,19.0,19.0,19.0
P378914,,,,,,,,,,16.0,16.0,12.5
P378916,,,,,,,,,,16.0,16.0,12.5
P378917,,,,,,,,,,15.0,15.0,15.0
P378926,,,,,,,,18.0,18.0,18.0,18.0,18.0
P379001,,,,,,,,,,17.0,17.0,17.0
P379002,,,,,,,,,17.0,17.0,17.0,17.0
P379003,,,,,,,,,12.0,12.0,12.0,12.0
P379014,,,,,,,,18.0,18.0,18.0,18.0,18.0
P379024,,,,,,,,,13.0,13.0,13.0,16.0
P379038,,,,,,,,,10.0,10.0,10.0,10.0
P379051,,,,,,,,,,17.0,17.0,17.0
P379069,,,,,,,,,16.5,,,
P379071,,,,,,,,,15.0,15.0,15.0,15.0
P379072,,,,,,,,,19.0,19.0,19.0,19.0
P379077,,,,,,,,,5.0,5.0,5.0,5.0
P379109,,,,,,,,,18.5,18.5,18.5,18.5
P379110,,,,,,,,,16.5,,,
P379114,,,,,,,,,12.0,,,
P379202,,,,,,,,,10.0,,10.0,10.0
P379206,,,,,,,,,,,,16.0
P379210,,,,,,,,,,,,14.0
P379300,,,,,,,,,16.5,,16.5,16.5
P379303,,,,,,,,,,10.0,,10.0
P379320,,,,,,,,,,,,15.0
P379323,,,,,,,,,,,,11.0
P379324,,,,,,,,,,,,9.0
P379325,,,,,,,,,,,,14.0
P379328,,,,,,,,,,,,14.0
P379412,,,,,,,,,,12.0,12.0,12.0
P379446,,,,,,,,,,11.0,11.0,11.0
P379447,,,,,,,,,,,11.0,11.0
P379449,,,,,,,,,,15.95,15.95,15.95
P379475,,,,,,,,,10.0,10.0,10.0,10.0
P379480,,,,,,,,,,6.5,6.5,6.5
P379512,,,,,,,,,,12.0,12.0,12.0
P379513,,,,,,,,,,10.0,10.0,10.0
P379514,,,,,,,,,,18.0,18.0,18.0
P379515,,,,,,,,,,18.0,18.0,18.0
P379517,,,,,,,,,,,,14.0
P379527,,,,,,,,,,,,18.0
P379531,,,,,,,,,,,,15.0
P379532,,,,,,,,,,,,14.0
P379533,,,,,,,,,,,,16.0
P379534,,,,,,,,,,,,14.0
P379537,,,,,,,,,,,,13.0
P379538,,,,,,,,,,,,15.0
P379539,,,,,,,,,,,,10.0
P379541,,,,,,,,,,,,16.0
P379542,,,,,,,,,,,,12.0
P379543,,,,,,,,,,,,16.0
P379547,,,,,,,,,,,,10.0
P379549,,,,,,,,,,,,8.5
P379550,,,,,,,,,,,,6.0
P379551,,,,,,,,,,,,8.0
P379552,,,,,,,,,,,,8.0
P379553,,,,,,,,,,,,10.0
P379555,,,,,,,,,,,,16.0
P379556,,,,,,,,,,,,6.0
P379558,,,,,,,,,,,,16.0
P379565,,,,,,,,,,,,18.0
P379566,,,,,,,,,,,,18.0
P379567,,,,,,,,,,,,15.0
P379568,,,,,,,,,,,,18.0
P379569,,,,,,,,,,,,12.0
P379570,,,,,,,,,,,,10.0
P379810,,,,,,,,,,,,18.0
P379819,,,,,,,,,,18.0,18.0,18.0
P379826,,,,,,,,,,18.0,18.0,18.0
P379827,,,,,,,,,,18.0,18.0,18.0
P379828,,,,,,,,,,,,12.0
P379913,,,,,,,,,,,12.0,12.0
P379918,,,,,,,,,,10.0,10.0,16.0
P379919,,,,,,,,,,,12.0,12.0
P379938,,,,,,,,,,,,12.0
P379940,,,,,,,,,,,,8.5
P379957,,,,,,,,,,,15.0,15.0
P379963,,,,,,,,,,15.0,15.0,15.0
P380045,,,,,,,,,,,,19.0
P380049,,,,,,,,,,,,15.0
P380529,,,,,,,,,,,12.0,12.0
P380541,,,,,,,,,,,15.0,
P380547,,,,,,,,,,,18.0,18.0
P380564,,,,,,,,,,,18.0,18.0
P380584,,,,,,,,,,,18.0,18.0
P380596,,,,,,,,,,,18.0,18.0
P380599,,,,,,,,,,,18.0,18.0
P380611,,,,,,,,,,,12.0,12.0
P380612,,,,,,,,,,,12.0,12.0
P380613,,,,,,,,,,,12.0,12.0
P380614,,,,,,,,,,,12.0,12.0
P380652,,,,,,,,,,,18.0,18.0
P380658,,,,,,,,,,,18.0,18.0
P380661,,,,,,,,,,,18.0,18.0
P380662,,,,,,,,,,,13.5,13.5
P380666,,,,,,,,,,,15.0,15.0
P380669,,,,,,,,,,,15.0,15.0
P380674,,,,,,,,,,,15.0,15.0
P380677,,,,,,,,,,,15.0,15.0
P380685,,,,,,,,,,,18.0,18.0
P380687,,,,,,,,,,,15.0,15.0
P380692,,,,,,,,,,,11.0,11.0
P380806,,,,,,,,,,,18.0,18.0
P380816,,,,,,,,,,,18.0,18.0
P380818,,,,,,,,,,,17.0,17.0
P380820,,,,,,,,,,,16.0,16.0
P380955,,,,,,,,,,,15.0,15.0
P380957,,,,,,,,,,,18.0,18.0
P380958,,,,,,,,,,,18.0,18.0
P380987,,,,,,,,,,,18.0,18.0
P380989,,,,,,,,,,,18.0,18.0
P380993,,,,,,,,,,,10.0,10.0
P381002,,,,,,,,,,,19.0,19.0
P381011,,,,,,,,,,,15.0,15.0
P381100,,,,,,,,,,,,15.0
P381116,,,,,,,,,,,,16.0
P381117,,,,,,,,,,,,16.0
P381120,,,,,,,,,,,,18.0
P381124,,,,,,,,,,,,16.0
P381143,,,,,,,,,,,,12.0
P381148,,,,,,,,,,,5.0,5.0
P381149,,,,,,,,,,,10.0,10.0
P381150,,,,,,,,,,,5.0,
P381153,,,,,,,,,,,,18.0
P381200,,,,,,,,,,,,15.0
P381201,,,,,,,,,,,,13.0
P381202,,,,,,,,,,,,15.0
P381307,,,,,,,,,,,,15.0
P381443,,,,,,,,,,,,10.0
P381505,,,,,,,,,,,,16.0
P381704,,,,,,,,,,,,5.0
P381724,,,,,,,,,,,19.0,19.0
P381732,,,,,,,,,,,,15.0
P381746,,,,,,,,,,,,19.0
P381761,,,,,,,,,,,,18.0
P381823,,,,,,,,,,,,19.95
P381916,,,,,,,,,,,,15.0
P381917,,,,,,,,,,,,19.5
P382006,,,,,,,,,,,,17.0
P382012,,,,,,,,,,,,10.0
P38332,16.5,16.5,16.5,16.5,16.5,,,,,,,
P38469,,,,,,,,,,16.0,,
P39955,10.0,10.0,10.0,10.0,10.0,10.0,10.0,10.0,10.0,10.0,10.0,10.0
P39972,2.0,2.0,2.0,2.0,2.0,2.0,2.0,2.0,2.0,2.0,2.0,2.0
P4001,18.0,18.0,18.0,18.0,18.0,18.0,18.0,18.0,18.0,18.0,18.0,18.0
P40026,18.0,18.0,18.0,18.0,18.0,18.0,18.0,18.0,18.0,18.0,18.0,18.0
P40507,,10.0,,,10.0,,,,,10.0,,
P41528,,12.0,12.0,,12.0,,,,,12.0,,
P4174,19.0,19.0,19.0,19.0,19.0,19.0,19.0,,,,,
P4176,19.0,19.0,19.0,19.0,19.0,19.0,19.0,19.0,19.0,,,
P4183,19.0,19.0,19.0,19.0,19.0,19.0,19.0,19.0,19.0,,,
P42069,16.0,16.0,16.0,16.0,16.0,16.5,16.5,16.5,16.5,16.5,16.5,16.5
P42072,16.0,16.0,16.0,16.0,16.0,16.5,16.5,16.5,16.5,16.5,16.5,16.5
P42204,,6.0,6.0,6.0,6.0,6.0,6.0,6.0,6.0,6.0,6.0,6.0
P42205,,7.0,7.0,7.0,7.0,7.0,7.0,7.0,7.0,7.0,7.0,7.0
P42325,15.0,15.0,15.0,15.0,,,,,,,,
P44800,,,,,3.0,,,,,,,
P46505,8.0,8.0,8.0,8.0,8.0,8.0,8.0,8.0,8.0,8.0,8.0,8.0
P46507,12.0,12.0,12.0,12.0,12.0,12.0,12.0,12.0,12.0,12.0,12.0,12.0
P47072,8.0,8.0,8.0,8.0,10.0,10.0,10.0,10.0,10.0,10.0,10.0,
P48007,16.0,16.0,16.0,16.0,16.0,,,,,,,
P49014,14.5,14.5,14.5,14.5,14.5,14.5,14.5,14.5,14.5,14.5,14.5,14.5
P51803,16.0,16.0,16.0,16.0,16.0,16.0,16.0,16.0,16.0,16.0,16.0,16.0
P59457,,,,,,,,,,,15.0,15.0
P6034,12.0,12.0,12.0,12.0,12.0,12.0,12.0,12.0,12.0,12.0,12.0,12.0
P61005,19.0,19.0,19.0,19.0,19.0,19.0,19.0,19.0,19.0,19.0,19.0,19.0
P61006,18.0,18.0,18.0,18.0,18.0,18.0,18.0,18.0,18.0,18.0,18.0,18.0
P61009,19.0,19.0,19.0,19.0,19.0,19.0,19.0,19.0,19.0,19.0,19.0,19.0
P61011,14.0,14.0,14.0,14.0,14.0,14.0,14.0,14.0,14.0,14.0,14.0,14.0
P61013,14.0,,,,,,,,,,,
P61034,18.0,18.0,18.0,18.0,18.0,18.0,18.0,18.0,18.0,18.0,18.0,18.0
P61035,14.0,14.0,14.0,14.0,14.0,14.0,14.0,14.0,14.0,14.0,14.0,14.0
P61036,16.0,16.0,16.0,16.0,16.0,16.0,16.0,16.0,16.0,16.0,16.0,16.0
P61043,15.0,15.0,15.0,15.0,15.0,15.0,15.0,15.0,15.0,15.0,15.0,15.0
P61210,,,,,,,,,,,,15.0
P61217,10.0,10.0,10.0,10.0,10.0,10.0,,10.0,10.0,10.0,10.0,10.0
P62605,11.0,11.0,11.0,11.0,11.0,11.25,16.5,16.5,16.5,16.5,16.5,16.5
P62607,16.0,16.0,16.0,16.0,16.0,16.5,16.5,16.5,16.5,16.5,16.5,16.5
P62715,,17.0,17.0,17.0,17.0,18.0,18.0,18.0,18.0,18.0,18.0,18.0
P6866,13.0,13.0,13.0,13.0,13.0,13.5,13.5,13.5,13.5,13.5,13.5,13.5
P6869,18.0,18.0,18.0,18.0,18.0,18.0,18.0,18.0,18.0,18.0,,18.0
P69304,15.0,15.0,15.0,,,,,,,,,
P69512,17.0,17.0,17.0,17.0,17.0,17.0,17.0,17.0,17.0,17.0,17.0,17.0
P69517,18.0,18.0,18.0,18.0,18.0,18.0,18.0,18.0,18.0,18.0,18.0,18.0
P69520,6.0,6.0,6.0,6.0,6.0,6.0,6.0,6.0,6.0,6.0,6.0,6.0
P72303,10.0,10.0,,,,,,,,10.0,,
P7272,10.5,10.5,10.5,10.5,10.5,10.5,10.5,10.5,10.5,10.5,10.5,10.5
P7273,9.5,9.5,9.5,9.5,9.5,9.5,9.5,9.5,9.5,9.5,9.5,9.5
P7276,10.0,10.0,10.0,10.0,10.0,10.0,10.0,10.0,10.0,10.0,10.0,10.0
P7279,9.0,9.0,9.0,9.0,9.0,9.0,9.0,9.0,9.0,9.0,9.0,9.0
P7280,14.5,14.5,14.5,14.5,14.5,14.5,14.5,14.5,14.5,14.5,14.5,14.5
P7281,10.5,10.5,10.5,10.5,10.5,10.5,10.5,10.5,10.5,10.5,10.5,10.5
P73820,12.0,12.0,12.0,12.0,12.0,12.0,12.0,,12.0,12.0,,
P74312,18.0,18.0,18.0,18.0,18.0,18.0,18.0,18.0,18.0,18.0,18.0,18.0
P74518,18.0,18.0,18.0,18.0,18.0,,,,,,,
P7624,,,,,,,19.0,19.0,19.0,19.0,19.0,19.0
P7810,13.0,13.0,13.0,13.0,13.0,13.0,13.0,13.0,13.0,13.0,13.0,13.0
P78212,15.0,15.0,15.0,15.0,15.0,16.0,16.0,16.0,16.0,16.0,16.0,16.0
P7823,18.5,18.5,18.5,18.5,18.5,18.5,18.5,18.5,18.5,18.5,18.5,18.5
P78300,17.0,17.0,17.0,17.0,17.0,17.0,17.0,17.0,17.0,17.0,17.0,17.0
P78301,16.0,16.0,16.0,16.0,16.0,16.0,16.0,16.0,16.0,16.0,16.0,16.0
P8001,18.0,18.0,18.0,18.0,18.0,19.0,19.0,19.0,19.0,19.0,19.0,19.0
P80907,12.0,12.0,12.0,12.0,12.0,12.0,12.0,12.0,12.0,12.0,12.0,12.0
P8431,18.0,18.0,18.0,18.0,18.0,18.0,18.0,18.0,18.0,18.0,18.0,18.0
P84818,6.0,6.0,6.0,6.0,6.0,6.0,6.0,6.0,6.0,6.0,6.0,6.0
P9022,13.25,13.25,13.25,12.25,12.25,12.25,12.25,12.25,12.25,12.25,12.25,12.25
P9023,16.5,16.5,16.5,16.5,16.5,16.5,16.5,16.5,16.5,16.5,16.5,16.5
P9026,18.0,18.0,18.0,18.0,18.0,18.0,18.0,18.0,18.0,18.0,18.0,
P9027,12.0,12.0,12.0,12.0,12.0,,,,,,,
P9031,15.0,15.0,15.0,15.0,15.0,15.0,15.0,15.0,15.0,15.0,15.0,15.0
P9033,11.0,11.0,11.0,11.0,16.0,16.0,16.0,16.0,16.0,16.0,16.0,
P9034,16.0,16.0,16.0,16.0,16.0,,,,,,,
P9037,10.5,10.5,10.5,10.5,10.5,,,,,,,
P9038,15.5,15.5,15.5,14.5,,,,,14.5,14.5,,14.5
P9047,19.0,19.0,19.0,19.0,19.0,,,,,,,
P90604,8.0,7.0,7.0,7.0,7.0,7.0,7.0,7.0,7.0,7.0,7.0,7.0
P91103,16.0,16.0,16.0,16.0,16.0,16.5,16.5,16.5,16.5,16.5,16.5,16.5
P92921,12.0,12.0,,,,,,,,,,
P93608,,16.0,,,16.0,,,16.0,,16.0,,
P9513,11.5,11.5,11.5,11.5,11.5,11.5,11.5,11.5,11.5,11.5,11.5,11.5
P96809,18.5,18.5,18.5,18.5,,,,,,,,
P96811,16.0,16.0,16.0,16.0,16.0,16.0,16.0,16.0,16.0,16.0,16.0,16.0
P9758,6.0,6.0,6.0,6.0,6.0,,6.0,,,6.0,,
P99703,8.0,8.0,8.0,8.0,8.0,8.0,8.0,8.0,8.0,8.0,8.0,8.0
P99801,19.0,19.0,19.0,19.0,19.0,19.0,19.0,19.0,19.0,19.0,19.0,19.0
P99802,17.0,17.0,17.0,17.0,17.0,17.0,17.0,17.0,17.0,17.0,17.0,17.0
P99809,,,,,,,,,,19.5,,
